swing_id,camera_angle,skill_level,confidence,address_score,takeaway_score,mid_backswing_score,top_score,mid_downswing_score,impact_score,follow_through_score,finish_score,feedback
B90_swing_001,front,pro,5,85,82,88,90,85,92,88,86,Good tempo and lag management
akh_swing_001,front,beginner,4,65,58,62,68,55,48,58,72,Slow takeaway; early wrist break at top
me_swing_001,front,intermediate,4,72,70,75,78,72,65,68,75,Good address but loses lag in downswing
,,,,,,,,,,,,
,,,,,,,,,,,,
,,,,,,,,,,,,
,,,,,,,,,,,,
,,,,,,,,,,,,
,,,,,,,,,,,,
,,,,,,,,,,,,
,,,,,,,,,,,,
,,,,,,,,,,,,
,,,,,,,,,,,,
,,,,,,,,,,,,
,,,,,,,,,,,,
,,,,,,,,,,,,
,,,,,,,,,,,,
,,,,,,,,,,,,
,,,,,,,,,,,,
,,,,,,,,,,,,
,,,,,,,,,,,,
,,,,,,,,,,,,
