phase,feedback,phase_score,key_frame
Address,Hands positioned too close to body at address,66.6,93
Address,Stance too narrow at address — widen to shoulder width,66.6,93
Takeaway,Lead arm bent at takeaway checkpoint,72.2,100
Takeaway,Wrist hinge low at takeaway — wrists not yet loading,72.2,100
Mid-backswing,Trail knee relatively straight at mid-backswing,69.7,111
Mid-backswing,Lead arm bent at mid-backswing checkpoint,69.7,111
Impact,Lead arm bent at impact position,75.1,122
Follow-through,Lead arm bent at follow-through checkpoint,67.1,133
Follow-through,Shoulder rotation low at follow-through checkpoint,67.1,133
