spine_angle,spine_lateral_tilt,shoulder_rotation,hip_rotation,x_factor,lead_arm_angle,trail_elbow_angle,wrist_hinge,lead_knee_flex,trail_knee_flex,stance_width,shoulder_width,stance_width_ratio,head_lateral,head_vertical,frame
23.756907583718537,81.86989756562993,81.86989764584403,151.3895403340348,69.51964268819076,142.37758145546573,163.3796446523195,170.31121343685098,179.63035492947134,171.0801562160682,46.400431032480725,7.0710678118654755,6.562011877329081,0.0,0.0,0
23.962488974578186,44.99999995225352,135.0,156.80140948635182,21.801409486351815,150.21390860720655,163.90357939799026,164.43848967327773,175.3916768740375,171.177581069102,50.91168824543142,8.48528137423857,5.999999992928932,0.0,0.0,1
25.625860231342408,10.61965526966882,169.38034472384487,171.46923439005187,2.0888896662069953,154.17005882282896,164.0237321447462,178.9337041854027,169.20345682788965,168.77663599661096,58.05170109479997,16.278820596099706,3.5660876484533452,0.0,0.0,2
24.789730784842778,26.565051154159676,153.434948822922,173.99099404250546,20.556045219583467,153.61125992540053,166.4298723748181,175.19301808684227,171.0638413753834,167.73002701789505,56.85068161420758,11.180339887498949,5.08487954171457,0.0,0.0,3
25.079594021590246,-3.8140748317551423,-176.18592516570965,176.82016988013575,353.0060950458454,150.06057993013286,157.01451714134814,175.19301808684227,177.25395225774142,167.32815401112074,50.60632371551998,15.033296378372908,3.3662825775629655,0.0,0.0,4
26.379928139485006,0.0,180.0,173.29016319224309,6.709836807756915,160.5199820799454,164.45519985388844,167.11843429524944,178.42934623112538,168.23453191786902,45.27692569068709,14.0,3.234066118453316,0.0,0.0,5
25.82698212361995,-4.398705351625192,-175.6012946450045,176.42366562500266,352.0249602700071,159.21273712776411,162.32681547825678,174.0591311642636,173.80669803158426,169.15470928421195,48.60041152089147,13.038404810405298,3.7274814051509657,0.0,0.0,6
25.82698212361995,-5.194428903038431,-174.8055710922652,176.42366562500266,351.2292367172679,161.04926624982582,163.8255171603289,169.36204228466895,179.81055834686293,170.66708569361546,47.50789408087881,11.045361017187261,4.301162629627224,0.0,0.0,7
26.012375912129833,-11.309932463001793,-168.6900675259798,171.86989764584402,340.5599651718238,159.53438083582725,162.71532988468184,169.3803447210844,178.54149268456396,171.3320957627411,41.10960958218893,10.198039027185569,4.031128870196428,0.0,0.0,8
25.74398952559777,-6.340191738922619,-173.6598082540901,171.2538377374448,344.9136459915349,160.55996517151436,162.61859847336288,165.24853756427376,178.0929302531215,167.75267173264112,45.45327270945405,9.055385138137417,5.019474264858102,0.0,0.0,9
25.922337020065655,11.309932451983375,168.6900675259798,169.69515353123398,1.005086005254185,154.5994522884476,163.3483121465049,174.1908880513512,179.53258649089398,168.71725830737884,45.34313619501854,5.0990195135927845,8.892520608171672,0.0,0.0,10
25.74398952559777,-6.340191738922619,-173.6598082540901,172.40535663140858,346.0651648854987,157.14424212206643,162.64697825648668,178.6817105392725,179.1002229150817,168.65053706646455,46.09772228646444,9.055385138137417,5.090641815047058,0.0,0.0,11
26.01678294077379,-5.194428903038431,-174.8055710922652,176.42366562500266,351.2292367172679,150.48072797451152,161.67123714680608,176.96778624034195,176.15869484531956,170.1220019767812,46.861498055439924,11.045361017187261,4.242640683278178,0.0,0.0,12
25.375373720723683,15.945395879301806,164.05460409907712,168.6900675259798,4.635463426902675,151.57033349486713,163.02753289446625,178.12146778400265,178.56711394837708,168.71830198012955,47.50789408087881,7.280109889280518,6.525711114000345,0.0,0.0,13
25.74398952559777,23.198590484012442,156.80140948635182,166.75948008481282,9.958070598461006,152.890946903427,163.82647621581532,177.10379970430674,176.83430506020005,169.4895834463816,48.27007354458868,7.615773105863909,6.338171162693977,0.0,0.0,14
25.375373720723683,26.565051138880804,153.434948822922,165.96375653207352,12.528807709151522,151.31385242604657,162.8705316651861,175.86532862097226,174.3001105513347,168.950971693452,43.139309220245984,6.708203932499369,6.4308285183370515,0.0,0.0,15
26.288262124900232,36.869897577089084,143.13010235415598,165.06858282186246,21.938480467706484,152.29147232845733,163.62690093770686,173.817069830922,174.38831661534417,169.3942590960872,43.139309220245984,5.0,8.627861826793474,0.0,0.0,16
25.00449447818254,11.309932451983375,168.6900675259798,173.29016319224309,4.600095666263286,151.75186044306054,161.4447542760117,176.62463624894536,176.41520093628964,170.40598281005438,45.34313619501854,5.0990195135927845,8.892520608171672,0.0,0.0,17
26.012375912129833,36.869897577089084,143.13010235415598,167.90524292298792,24.775140568831944,154.15399750151843,162.9131391406179,176.93791576322127,172.1672333582969,169.97658958983897,51.62363799656123,5.0,10.32472757866279,0.0,0.0,18
26.102998455647228,18.43494879427412,161.565051177078,160.3461759419467,1.2188752351312928,148.84531127970104,160.69288432006294,172.5501585726254,172.7302474125397,169.462943099141,51.62363799656123,6.324555320336759,8.162413845751344,0.0,0.0,19
25.927445612144634,36.869897577089084,143.13010235415598,162.89727103094762,19.76716867679164,150.98212395945538,161.39641494338107,176.44381889996865,173.80279844881895,168.4831049108415,51.088159097779204,5.0,10.217631799120577,0.0,0.0,20
25.559965171823812,59.03624338366798,120.96375653207352,161.565051177078,40.60129464500449,146.37494055062083,163.50187980931258,174.5184462410495,178.54383561634768,171.01426822049345,51.73973328110612,5.830951894845301,8.873291038142908,0.0,0.0,21
25.737400858718004,18.43494879427412,161.565051177078,168.6900675259798,7.125016348901795,153.29732912054328,161.2886837312633,173.85337433526712,169.16943496796276,170.44438721759028,51.62363799656123,6.324555320336759,8.162413845751344,0.0,0.0,22
25.375373720723683,26.565051138880804,153.434948822922,164.05460409907712,10.619655276155129,154.2620981965245,160.63384393828142,174.5596679634026,169.00343641655672,169.9490023872008,51.62363799656123,6.708203932499369,7.695597575604878,0.0,0.0,23
25.551887379756494,26.56505111978221,153.434948822922,167.90524292298792,14.470294100065928,155.97726068266857,162.17927662230588,178.2205093142462,179.58482045089758,169.5683848660237,50.32891812864648,4.47213595499958,11.253888191803044,0.0,0.0,24
26.749578009339476,-5.710593131826792,-174.28940686250036,168.6900675259798,342.9794743884802,150.01723971186195,161.95572466907666,173.728922546702,172.69424046625193,170.48132609551973,49.49747468305833,10.04987562112089,4.925182808211303,0.0,0.0,25
25.36579778347859,8.130102342696823,171.86989764584402,173.6598082540901,1.789910608246089,152.4941346751069,162.03903402767787,172.90708811542186,170.08713678475883,170.48132609551973,51.66236541235796,7.0710678118654755,7.3061617727106585,0.0,0.0,26
27.400748822872384,0.0,180.0,170.53767779197437,9.462322208025626,151.6683497122732,161.96732185532102,175.49911770030454,169.57140473952683,168.98208907094835,48.79549159502341,11.0,4.435953777333078,0.0,0.0,27
26.00789746346541,18.43494879427412,161.565051177078,173.29016319224309,11.725112015165081,152.1222456922841,162.75494895184463,179.2344003766491,177.68345455354367,169.62645581474598,49.49747468305833,6.324555320336759,7.826237908874895,0.0,0.0,28
26.657762713496915,15.945395879301806,164.05460409907712,169.9920201985587,5.937416099481567,156.56845125541227,162.03903402767787,163.5932278518011,170.9006130174331,168.56188926194915,51.73973328110612,7.280109889280518,7.106998932285277,0.0,0.0,29
26.286015495896436,14.036243451074778,165.96375653207352,171.46923439005187,5.505477857978349,153.92292460944157,162.79090398362482,171.92824363041754,170.434309229412,168.15053195372798,53.81449618829484,8.246211251235321,6.525966226607826,0.0,0.0,30
26.00789746346541,15.945395879301806,164.05460409907712,174.28940686250036,10.234802763423232,154.09059373633195,162.29239992849787,172.01794842320194,171.99745169549524,169.5965784708605,51.66236541235796,7.280109889280518,7.09637163821712,0.0,0.0,31
27.027103898508756,7.125016340087062,172.8749836510982,173.6598082540901,0.7848246029919039,152.37961961203885,161.7881814089964,179.63506360060842,174.42378787132992,168.15275498197326,50.99019513592785,8.06225774829855,6.324555312492113,0.0,0.0,32
26.84273452562068,0.0,180.0,171.0273733851036,8.972626614896399,148.85078336850214,162.43640269448434,178.059942169692,176.60431086462603,168.59566223939723,51.66236541235796,12.0,4.305197114108831,0.0,0.0,33
27.576589046446905,14.036243451074778,165.96375653207352,169.9920201985587,4.028263666485174,152.94276758709037,162.3568476713166,175.68205524563513,179.75632788316872,170.97323964402588,41.10960958218893,8.246211251235321,4.985272421462376,0.0,0.0,34
28.412661443072583,0.0,180.0,173.6598082540901,6.340191745909891,149.97622450391296,154.8382806831428,178.06941254822874,177.20041269512996,169.54158945603754,48.79549159502341,14.0,3.48539225429782,0.0,0.0,35
28.171937093324757,19.983106505171282,160.01689347810003,171.0273733851036,11.010479907003571,150.18776236167486,159.9561394114136,178.62201673323858,178.9634576921864,170.58652155172285,50.93132631298737,11.704699910719626,4.3513568615995775,0.0,0.0,36
29.013707760902406,3.3664606614540844,176.63353933657018,177.51044707800085,0.8769077414306707,156.18364208473415,159.609531333796,178.12212253970017,175.51692986373763,171.13640825340022,53.03772242470448,17.029386365926403,3.1144822986506,0.0,0.0,37
29.82460635612804,6.709836803845959,173.29016319224309,174.28940686250036,0.9992436702572718,149.62567728494923,158.96613003812527,178.02789721598194,173.0355255765821,171.1982916765301,51.62363799656123,17.11724276862369,3.0158851319810527,0.0,0.0,38
29.054604099077146,17.354024626066344,162.6459753637387,177.6140559696112,14.968080605872501,157.16749189784264,161.56505117681104,175.42607873460742,178.89404124484673,170.26336345371377,51.62363799656123,16.76305461424021,3.0796080519782403,0.0,0.0,39
28.86715946951462,18.434948811462853,161.565051177078,172.8749836510982,11.3099324740202,149.6832197521852,163.11011715444045,176.2482709192646,175.84179467777955,170.7337721015899,57.28001396647874,15.811388300841896,3.6227061685153688,0.0,0.0,40
29.263864598541044,6.340191742416264,173.6598082540901,175.2363583092738,1.5765500551837022,154.74587932214968,159.38164743585838,167.0246682195461,170.69432722560157,169.77536591531972,50.93132631298737,18.110770276274835,2.8122120433268067,0.0,0.0,41
29.638383688151343,3.1798301181012874,176.82016988013575,177.6140559696112,0.7938860894754498,156.8677027026472,159.2813685017369,164.9028448394249,178.1830694535881,171.10351391080425,49.57822102496216,18.027756377319946,2.750104891578945,0.0,0.0,42
29.981639368849336,3.576334372767943,176.42366562500266,177.51044707800085,1.0867814529981956,149.4570346578179,155.8336050583524,173.2249890260221,172.71048112024766,171.64760116835828,48.79549159502341,16.0312195418814,3.043779135898419,0.0,0.0,43
28.950995207466804,18.434948811462853,161.565051177078,175.0302592718897,13.465208094811686,150.99084327130942,162.29248516549853,167.17673455805428,178.84391371658833,170.66708569361546,48.27007354458868,15.811388300841896,3.052867502563947,0.0,0.0,44
29.612863605428057,23.198590498830313,156.80140948635182,169.21570213243743,12.414292646085613,150.25511870281395,160.84621035077703,164.7448812944855,179.00868365675382,169.65791065270935,54.48853090330111,15.231546211727817,3.5773473099909685,0.0,0.0,45
29.53257738850665,28.300755747608648,151.69924423399362,168.11134196037204,16.41209772637842,151.34275793624968,163.96920834897276,165.41619115882247,179.79169469478055,170.68832366591275,55.226805085936306,14.7648230602334,3.7404312143283467,0.0,0.0,46
28.458437022824267,26.565051160707768,153.434948822922,171.86989764584402,18.434948822922024,148.96981360820098,159.5350087829831,179.72845791107835,173.96619987582724,170.10851163998183,47.50789408087881,15.652475842498529,3.0351680161381855,0.0,0.0,47
29.137341629311916,21.03751101065486,158.96248897457818,167.47119229084848,8.5087033162703,149.40518328779493,159.742224203977,168.97654403313248,177.96266930158944,167.6877460978975,46.861498055439924,13.92838827718412,3.364459482979695,0.0,0.0,48
29.137341629311916,9.462322202863836,170.53767779197437,175.0302592718897,4.492581479915316,145.07813745448254,164.6129329446874,168.22110898213305,178.06682095536982,169.63065999736628,49.51767361255979,18.24828759089466,2.7135517970536633,0.0,0.0,49
29.427456403189737,23.198590498830313,156.80140948635182,168.6900675259798,11.888658039627984,148.83683900766823,158.0002112070986,172.8544254202634,170.56843686991982,167.6115604916064,48.27007354458868,15.231546211727817,3.169085583427595,0.0,0.0,50
28.74579045536953,21.03751101065486,158.96248897457818,174.5596679689945,15.59717899441631,150.53999282284613,163.0360150338797,177.4362297749068,174.55458257587318,168.1905237692418,47.4236228055175,13.92838827718412,3.404817687998635,0.0,0.0,51
29.903521720842345,10.61965526966882,169.38034472384487,174.8055710922652,5.42522636842034,146.98144906547313,162.16148027980893,174.1623125887192,173.49859797088283,166.69602830911734,48.08326112068523,16.278820596099706,2.953731248974409,0.0,0.0,52
28.91192546956528,22.619864931089012,157.38013505195957,174.28940686250036,16.909271810540787,151.90820595471428,162.43146194788216,171.57957121627433,172.17300374572986,165.1954097391306,50.20956084253277,13.0,3.862273907993079,0.0,0.0,53
29.719165060108452,18.434948803823417,161.565051177078,169.38034472384487,7.815293546766867,160.6416211731635,162.19972166688368,171.47686873427594,167.71223379831108,165.26704733560115,47.80167361086848,9.486832980505138,5.0387388139656935,0.0,0.0,54
30.181852749119194,18.434948803823417,161.565051177078,165.96375653207352,4.3987053549955135,158.82102623089693,166.9896013260874,178.01899875774578,168.9311206027097,164.23775460834116,48.83646178829912,9.486832980505138,5.147815065067226,0.0,0.0,55
30.211322385834826,11.309932463001793,168.6900675259798,170.53767779197437,1.8476102659945752,158.5487810699092,162.9509690275925,178.29261149407603,169.4017241370849,164.02302232363309,45.34313619501854,10.198039027185569,4.446260308445753,0.0,0.0,56
30.28636444182775,16.69924421822414,163.3007557660064,169.9920201985587,6.691264432552288,157.89439709632754,162.07794477652914,177.67526726471934,169.48648826888999,163.41266144292732,45.34313619501854,10.44030650891055,4.343084766035212,0.0,0.0,57
30.497364119916835,18.434948803823417,161.565051177078,169.38034472384487,7.815293546766867,159.6175459423099,163.7325819237333,170.6011829377134,168.3529511988227,164.50832738301304,45.45327270945405,9.486832980505138,4.791195623971222,0.0,0.0,58
31.035108649002684,20.55604519603725,159.44395478041653,169.38034472384487,9.936389943428338,161.3132647040048,169.06174785336222,164.90742207766553,166.6906389812029,162.03696381094522,42.720018726587654,8.54400374531753,4.9999999941479425,0.0,0.0,59
31.32095751217234,30.963756481518423,149.03624346792648,171.86989764584402,22.833654177917538,162.00772499153945,170.08689655793776,167.42824998487458,168.49053079179777,163.1590537161102,40.80441152620633,5.830951894845301,6.997898832315768,0.0,0.0,60
30.677280021796452,20.55604519603725,159.44395478041653,176.82016988013575,17.376215099719218,158.66380972676964,169.2121693352814,176.10580849242967,168.28522983289207,162.70051832510927,43.829214001622255,8.54400374531753,5.129821481450575,0.0,0.0,61
31.49854914817107,30.963756481518423,149.03624346792648,162.89727103094762,13.861027563021139,149.7497695557756,170.9086044646355,179.15156642322674,166.62208785131904,164.759819299978,37.94733192202055,5.830951894845301,6.507913723398705,0.0,0.0,62
31.429565614838516,18.43494879427412,161.565051177078,165.06858282186246,3.5035316447844593,152.2727594426923,169.2658851187284,179.34628675083266,168.0756120626062,161.92552866609086,45.0,6.324555320336759,7.1151247241288536,0.0,0.0,63
31.49854914817107,20.55604519603725,159.44395478041653,164.05460409907712,4.610649318660592,158.61272121646326,169.96523548760993,175.59335013202391,170.53857540847096,166.16891889253102,39.0,8.54400374531753,4.564604735306626,0.0,0.0,64
31.96134341697703,23.198590484012442,156.80140948635182,167.0053832080835,10.203973721731671,158.0615195320317,170.6784646589149,176.9872124876431,171.1218456264619,164.84432628812976,39.395431207184416,7.615773105863909,5.172873535993664,0.0,0.0,65
32.005383208083494,23.198590484012442,156.80140948635182,167.90524292298792,11.103833436636108,155.76659611884864,170.11622386103926,176.41911001931132,168.3588211462827,167.04475582490466,32.38826948140329,7.615773105863909,4.252788126518298,0.0,0.0,66
33.10364194973258,26.565051148430097,153.434948822922,167.90524292298792,14.470294100065928,156.58441149898474,170.9086044646355,175.35539151709088,167.1933932771906,163.25435296006336,33.61547262794322,8.94427190999916,3.7583240903912922,0.0,0.0,67
33.10364194973258,33.69006748190611,146.30993247402023,167.90524292298792,21.595310448967695,157.78240573024718,166.95436293668874,172.40535662776801,171.38923296538792,164.65239424312412,42.04759208325728,7.211102550927978,5.830951886759226,0.0,0.0,68
33.80795991004192,32.00538317589485,147.9946167919165,167.90524292298792,19.91062613107141,156.87452743678114,167.7182613975646,177.7720370882065,169.26663622799884,163.6972291781468,38.48376280978771,9.433981132056603,4.079270694980239,0.0,0.0,69
33.74853258682368,26.565051148430097,153.434948822922,172.40535663140858,18.970407808486584,156.7054367458698,167.342023280125,174.5596679650335,170.21759296787002,165.20022301176368,41.14608122288197,8.94427190999916,4.600271725961327,0.0,0.0,70
33.806403974252795,23.962488950951055,156.03751102542182,168.6900675259798,12.652556500557978,153.80708040888604,165.80144597578416,178.4306451809328,164.5557268310364,164.6243547071685,32.449961479175904,9.848857801796104,3.2947943913161346,0.0,0.0,71
33.86837331814486,8.53076560574551,171.46923439005187,177.51044707800085,6.041212687948985,152.69354549129494,162.48524929401773,175.18458056742512,171.94354561935387,161.3720913904575,34.40930106817051,20.223748416156685,1.7014304343138844,0.0,0.0,72
34.230011767382905,2.4895529209181033,177.51044707800085,180.0,2.489552921999149,151.38954033382308,163.21361120167137,169.6951535290987,170.4306696744353,162.97143628297053,32.202484376209235,23.021728866442675,1.3987865354960767,0.0,0.0,73
34.95639957553639,2.7263109926099807,177.27368900609375,-177.7974018382342,355.07109084432795,153.43494882268652,165.1020447432335,173.15722658440617,167.55063680208255,165.59549099059876,36.235341863986875,21.02379604162864,1.7235394490606206,0.0,0.0,74
36.138135593602435,13.240519907673004,166.75948008481282,177.6140559696112,10.854575884798379,155.39522738923327,173.11446304787057,173.8714110197595,168.48270903912476,164.20491770093997,45.79301256742124,17.46424919657298,2.6221002704305336,0.0,0.0,75
35.259422330728775,-10.491477008532144,-169.5085229876684,-175.76360520094119,6.255082213272772,166.5963340717302,170.5817175825425,172.8843487639621,165.52815240608865,164.86496928688692,43.829214001622255,27.459060435491963,1.5961658298041959,0.0,0.0,76
35.53767779197438,-18.824710014263037,-161.17528998175993,-167.6609127216738,6.485622739913879,170.14974354563842,171.62619644847683,168.69006752391425,168.62919322871997,166.1304516249004,45.967379738244816,46.486557196677836,0.9888316644718435,0.0,0.0,77
35.7465949317686,-26.565051172833858,-153.434948822922,-162.030860259843,8.595911436921,176.92888293555959,158.54108895867998,166.4153799784394,166.9357333050337,164.06140528168407,43.278170016764804,60.37383539249432,0.7168365191351879,0.0,0.0,78
35.946561337826225,-29.538782255462102,-150.46121774044192,-157.93210043758978,7.470882697147857,172.68447469460682,152.19093631786868,168.9590598173332,165.09729817039243,162.08851706129835,51.62363799656123,68.96375859826666,0.7485618394118838,0.0,0.0,79
35.53767779197438,-31.357085220031767,-148.64291477599005,-161.99583839408663,13.352923618096582,169.7531880211086,150.20865953649997,165.80196541428109,163.92747524848866,159.56202261906154,51.62363799656123,74.94664769020693,0.6888051644826096,0.0,0.0,80
34.99202019855866,-32.2424678351458,-147.75753216087668,-162.80145877993414,15.043926619057459,169.36249557115246,146.60196292782373,160.35178602394035,170.06687050004845,169.0777357704565,52.32590180780452,76.8505042273634,0.6808790954212707,0.0,0.0,81
35.897377511708086,-37.30394827359925,-142.6960517220166,-158.68208772453846,15.986036002521871,164.74488129633008,139.18857789910106,153.43494882173022,160.73113619274102,165.50396077479596,42.80186911806539,79.20227269466452,0.5404121328395244,0.0,0.0,82
37.27024983780904,-40.07289004787079,-139.927109947649,-156.29735404903377,16.37024410138477,151.8750313085525,132.31542854588088,173.08877287208793,160.18495546451211,170.0941809263356,49.8196748283246,82.3286098510111,0.6051319816092029,0.0,0.0,83
35.511359107783626,-41.633539332054276,-138.3664606634298,-158.6293777306568,20.262917067227022,87.54278103592416,88.46493748125123,149.95716230230946,165.24483177972826,172.79942283795322,57.688820407423826,84.29116205154607,0.684399396051768,0.0,0.0,84
33.44677480771494,-40.31410015621465,-139.6858998395027,-156.50143432404792,16.815534484545225,118.0311678711269,90.0,155.1334057478088,162.47559700348586,173.991193368557,51.31276644267,86.55634003352961,0.592825048019181,0.0,0.0,85
31.894731009781275,-37.27817419574761,-142.721825800131,-156.50143432404792,13.77960852391692,119.91966958778825,76.82238868660278,146.3553932778723,164.26459261369845,175.56593597817456,47.16990566028302,84.20213774008353,0.5601984334445979,0.0,0.0,86
31.419867615690592,-37.81573260343109,-142.18426739242688,-157.1094483437517,14.925180951324819,95.24322685876304,63.43494882306187,164.19748604459434,159.4751055650331,173.64272033909495,49.64876634922564,84.81155581640984,0.5854009617609832,0.0,0.0,87
32.45567759328209,-40.81508387058723,-139.1849161251184,-156.50143432404792,17.316518198929515,110.24084840970949,43.99491399499962,171.55018235360333,159.8803668590219,176.3689966920805,46.32493928760188,87.20665112249179,0.5312087860961554,0.0,0.0,88
32.266509145727575,-34.93931020099218,-145.060689795323,-156.3706222693432,11.3099324740202,135.19128277304358,31.078577580120466,161.29156504481503,161.8064221745584,171.5733093658259,52.43090691567332,89.05054744357274,0.588776918446331,0.0,0.0,89
29.941942530272968,-32.73522626838441,-147.2647737278924,-158.8752808539275,11.610507126035117,161.56505117673177,61.709905897557086,108.56428444850748,159.32437283440586,173.43730149071502,54.20332093147061,83.21658488546619,0.6513523836571635,0.0,0.0,90
30.862942947818514,-31.651272883206627,-148.34872711328737,-160.4268741695898,12.078147056302441,140.30092651635871,80.74950567076426,168.6900675246971,160.48230338734547,174.31996243542469,49.20365840057018,85.75546629807339,0.5737670205629555,0.0,0.0,91
31.19816227079178,-33.87853980132164,-146.12146019489037,-157.75097634278765,11.629516147897277,165.12261288221563,74.76635111094907,167.06814728372873,160.27439727139046,172.3905944690227,45.60701700396552,84.31488599292535,0.5409129889872965,0.0,0.0,92
31.821808892984418,-35.61848983520319,-144.38151016074826,-159.44395478041653,15.06244461966827,156.9617944802879,66.11242918933809,167.1532068690176,158.77028647662817,176.15882112368237,44.204072210600685,82.41965784932621,0.5363292369649016,0.0,0.0,93
32.06739160326049,-35.77607771389823,-144.22392228210535,-161.565051177078,17.341128894972655,140.91835485660656,71.46939887949222,172.14015875036054,163.12201202405785,171.53635041053693,45.60701700396552,83.81527307120105,0.5441373072874319,0.0,0.0,94
31.029538109959123,-35.61848983520319,-144.38151016074826,-157.28558764683277,12.904077486084503,138.5146459782083,68.86104506747185,170.1789013939668,158.98326179868923,173.8844964333378,47.20169488482379,82.41965784932621,0.5726994762024806,0.0,0.0,95
30.601754700756594,-33.503436978699874,-146.4965630175858,-158.19859051364818,11.702027496062385,141.49716609139364,68.87753217426514,170.29334758930267,156.57428765951698,174.7867175948058,49.040799340956916,85.14693182963201,0.5759549790158225,0.0,0.0,96
30.930959867359515,-34.261102895231,-145.73889710090543,-157.28558764683277,11.546690545927333,138.28960897516748,73.4007956874853,165.16922123318895,157.8491611582166,172.02074307291178,48.41487374764082,83.48652585896721,0.5799124259120372,0.0,0.0,97
30.46554491945988,-33.87853980132164,-146.12146019489037,-156.80140948635182,10.67994929146144,134.2458448024103,66.68629126940658,165.97639205392935,160.61483631499803,168.8688173594823,47.50789408087881,84.31488599292535,0.5634579649343355,0.0,0.0,98
30.396490122215585,-30.84658740864552,-149.1534125878514,-155.13630342824814,5.982890840396749,155.35039147153955,73.57275267606188,164.35073601342782,158.14235645147247,151.11557249764502,36.40054944640259,83.86298349093002,0.4340478710252292,0.0,0.0,99
32.06739160326049,-31.504266715086867,-148.49573328079583,-154.88516511385544,6.389431833059604,142.2898132435315,84.05913116891813,155.1552170864024,158.42658953581648,150.7782070566879,37.013511046643494,72.71863585079137,0.5089962237121741,0.0,0.0,100
30.49522672280347,-37.03038960084592,-142.96961039432136,-154.9831065219,12.013496127578634,140.85313957896705,81.72494543106038,142.55820340179682,161.94495960510196,149.04924175793496,41.036569057366385,71.40028011149536,0.5747396086897445,0.0,0.0,101
29.769556480392207,-35.095816779741575,-144.9041832129739,-160.3461759419467,15.44199272897282,49.491717902856756,44.21785364629855,147.72435568205827,164.67954730072964,154.7871024427919,43.86342439892262,45.221676218380054,0.9699645846253476,0.0,0.0,102
32.162542083766866,38.418055340012494,38.41805534482199,42.87890360333855,4.460848258516563,68.21942344785283,8.581699707503219,176.03601978760855,165.546590555794,165.12412743764463,37.73592452822641,74.02702209328699,0.5097587807270563,0.0,0.0,103
31.461302564794146,3.3664606614540844,176.63353933657018,180.0,3.3664606634298195,103.91306004138531,35.778681422095524,128.41805534175273,175.10662524338724,165.77381334926,37.12142238654117,17.029386365926403,2.179844978972224,0.0,0.0,104
26.969247501837305,-5.710593135608693,-174.28940686250036,-177.87890360333856,3.5894967408382,155.8299740704588,129.37537195846124,176.43002404312108,170.88847958651806,168.7656122497517,42.80186911806539,30.14962686336267,1.4196483856283155,0.0,0.0,105
23.19859051364819,51.34019167603701,128.6598082540901,169.69515353123398,41.035345277143875,149.4183511896656,158.70659571539426,172.51178230403835,179.33804844879342,170.09468820867428,40.0,6.4031242374328485,6.246950465788145,0.0,0.0,106
17.485381966486187,44.99999998635815,45.0,48.81407483429036,3.814074834290359,146.95064726665927,155.0065295994964,165.83294447523218,173.69765972425913,171.99907097302676,43.04648650006177,29.698484809834994,1.449450595247604,0.0,0.0,107
17.221507300090142,47.02136493338611,47.021364940356015,25.34617594194669,21.675188998409325,66.24183746206093,14.69379551219107,176.87786950610075,169.5155435251975,171.40913618093018,29.206163733020468,60.14149981501958,0.4856241333853526,0.0,0.0,108
15.579023553750867,39.80557108639473,39.80557109226519,14.743562836470735,25.062008255794453,86.56636963757235,4.3371631985736405,176.30861398755914,173.91797062929825,170.2324383567691,24.186773244895647,62.48199740725323,0.38709987267815676,0.0,0.0,109
14.594466348999154,-36.25383773137299,-143.74616226255523,-170.53767779197437,26.791515529419144,54.41562639297741,120.1243179980062,101.3099324684019,171.78079075067743,168.52307900387083,25.553864678361276,55.80322571321482,0.45792809191907624,0.0,0.0,110
18.125244922963173,26.053495305467006,26.05349531049095,23.19859051364819,2.85490479684276,70.34617594211662,6.09277167232875,175.60129462384634,168.09088648812818,168.15603444678987,8.246211251235321,50.08991914547278,0.16462816052148385,0.0,0.0,111
22.180344302017236,21.801409478448946,21.80140948635181,19.98310652189998,1.8183029644518314,17.300527193096634,3.0664855249648535,157.9714849870537,170.2318343299467,172.97167348668634,7.211102550927978,26.92582403567252,0.267813625265331,0.0,0.0,112
21.725671553581133,33.48616881145682,33.48616881551299,22.98871680208064,10.497452013432351,31.855132382779875,89.40934278536203,153.434948821861,179.4558230652665,173.25627841273936,8.246211251235321,77.93587107359485,0.10580764847537724,0.0,0.0,113
23.92110524792632,32.868678929349436,32.868678933367505,20.095231191904816,12.77344774146269,90.79414806453258,89.17281144367931,154.01076641352586,178.4335831445947,173.7126032439159,9.848857801796104,77.38862965578342,0.12726492049710858,0.0,0.0,114
23.490507197874,32.307334451075974,32.30733445488212,19.230672375661285,13.076662079220831,84.51870340531994,95.2208784329712,176.30861399925453,178.8042969496233,175.46854757581843,10.198039027185569,80.45495634204272,0.12675463998218484,0.0,0.0,115
22.634875631352507,32.47119228691643,32.47119229084849,19.230672375661285,13.240519915187207,84.43138534708751,100.7963470306078,171.02737337881527,178.85423715917238,173.45632749425815,13.0,78.23042886243178,0.16617574756235512,0.0,0.0,116
22.634875631352507,34.43898930498602,34.43898930880361,16.11341823308929,18.325571075714322,74.9636388104124,111.11872398231297,162.9088412583429,179.9522623047566,174.25046546814787,12.165525060596439,84.87638069569178,0.14333227877352955,0.0,0.0,117
20.715706612280794,32.08218715221762,32.08218715606604,16.11341823308929,15.96876892297675,71.76059915339516,121.27346043187106,151.44949023715,178.0538048814542,178.36654417030073,13.341664064126334,79.07591289387686,0.16871969698717487,0.0,0.0,118
19.601582650589947,29.560354461011027,29.56035446468074,12.804266065286752,16.756088399393988,62.94940299297687,122.73522627193995,145.00797980067935,177.7825842825132,178.86918908416607,15.132745950421556,77.02596964660685,0.19646290748283435,0.0,0.0,119
18.74465272288085,26.886934189221787,26.886934192476716,14.349332042947134,12.537602149529581,51.61798728807971,93.84245312790053,146.30993247332324,177.98203245599368,178.35106688330282,19.026297590440446,79.60527620704548,0.23900799663787162,0.0,0.0,120
18.18904569965131,26.241349648957396,26.241349652157766,13.172553423326892,13.068796228830873,46.78127854815665,80.79511711987833,146.09372301094743,178.18498736559363,178.8542371589605,31.016124838541646,79.1580697086532,0.39182517902192926,0.0,0.0,121
18.311200031515554,23.587030522168945,23.587030525128238,13.736268305622572,9.850762219505667,42.24984429005529,73.48016957807606,147.35535986442983,175.8860184272498,179.9999185596601,30.0,77.47257579298626,0.38723380098127086,0.0,0.0,122
18.8761617258912,28.810793738940728,28.810793742973058,17.5924245621816,11.21836918079146,32.592581472784,64.31185656444514,141.39841256938738,174.368700512015,175.67440704126054,31.400636936215164,68.47627326307996,0.4585622937012211,0.0,0.0,123
17.805350214511744,26.221966774164787,26.22196677755446,15.751173663453027,10.470793114101433,20.686068750078764,51.72953838810313,164.41995597221734,175.60975951709324,178.89981927462802,33.015148038438355,74.68600939935136,0.4420526454624655,0.0,0.0,124
17.11731547064994,26.565051173497007,26.56505117707799,14.381394591090604,12.183656585987386,19.879788258098564,57.81736823291476,148.30523650537208,177.16379465432587,173.47856616425707,34.0147027033899,71.55417527999327,0.4753699216787256,0.0,0.0,125
17.294254389308243,25.067463434513886,25.067463438060475,14.381394591090604,10.68606884696987,18.02472352168142,56.666863922877184,163.726130663354,177.03357871373095,172.90736329092346,33.13608305156178,68.4470598345904,0.4841125846281422,0.0,0.0,126
16.927513064147043,24.30454926247025,24.304549265936718,14.743562836470735,9.560986429465983,16.734049101726225,54.95062668807139,162.7879280710949,173.2901631918158,175.5857347085756,30.265491900843113,68.0294054067798,0.4448883790093802,0.0,0.0,127
16.662219502789803,31.660751092370262,31.660751096636602,13.671307132195833,17.989443964440767,8.628313967698256,55.65723613111826,175.15433147400105,171.66854222312594,173.4684964955622,34.36568055487916,70.49113419430843,0.4875177700400617,0.0,0.0,128
15.619392138710783,25.114834882704066,25.114834886144564,13.324531261890785,11.790303624253779,20.670525838839076,55.98204980700893,155.0536330476953,172.22519939246396,173.9045498984713,33.06055050963308,70.68238818828917,0.4677339200379947,0.0,0.0,129
15.272309155441175,24.507405226949466,24.50740523012971,12.994616791916505,11.512788438213205,15.993789542004151,47.807093318320455,171.3011565173872,172.22575884227328,178.3476953205303,26.1725046566048,74.73285756613352,0.3502141562022002,0.0,0.0,130
15.972132147005164,26.188110693761157,26.188110697480855,13.324531261890785,12.86357943559007,26.249520014663943,62.43584021306413,169.14358664858833,170.52022806022308,175.70075947654206,31.78049716414141,67.97793759742936,0.4675119352351181,0.0,0.0,131
17.031818387047974,28.810793738940728,28.810793742973058,12.380756928807177,16.43003681416588,36.29695894835554,71.53626415249695,155.152379039219,172.59308787110376,178.32152384206609,33.13608305156178,68.47627326307996,0.4839060519461499,0.0,0.0,132
17.31893843151474,26.221966774164787,26.22196677755446,13.392497753751098,12.829469023803362,39.62800393069374,81.55362549192316,156.66014798751976,170.89002660773036,175.15122018905808,38.3275357934736,74.68600939935136,0.5131822692976102,0.0,0.0,133
16.56726998348784,27.21611155397848,27.216111557307478,11.821488340607255,15.394623216700223,45.12546501021926,76.60750224628481,157.59713303782382,172.5191138200679,176.72951207588173,37.36308338453881,78.71467461661771,0.4746647758092152,0.0,0.0,134
16.910808755724382,26.886934189221787,26.886934192476716,12.094757077012101,14.792177115464614,48.41557103330617,79.49384242786886,148.53518009642139,174.51454710018032,177.71679296154548,36.138621999185304,79.60527620704548,0.4539726977474783,0.0,0.0,135
16.33271057731597,26.886934189221787,26.886934192476716,11.821488340607255,15.06544585186946,51.29823917581465,75.76883878618243,161.36483377436207,170.76727489305017,178.84547365671511,36.40054944640259,79.60527620704548,0.45726302547026815,0.0,0.0,136
16.083391249494646,22.190288893486105,22.190288896122546,11.309932474020213,10.880356422102333,58.22731437806043,76.67255312022708,148.56773646176146,169.90940220213048,175.6258780722224,36.40054944640259,82.0792300158816,0.44348063980284175,0.0,0.0,137
15.861589359745187,21.425293795621172,21.425293798087385,10.304846468766033,11.120447329321351,53.71473287495058,78.49226930311349,159.52772047905992,173.95780968345133,178.87702101186213,32.7566787083184,84.86459803710851,0.3859875550242411,0.0,0.0,138
15.361616311848659,22.52056560042474,22.520565602896887,11.309932474020213,11.210633128876674,56.057220554606204,64.06985906320176,161.59630909912173,174.28721995840388,178.87774487209268,37.94733192202055,88.76936408468859,0.42748229987930136,0.0,0.0,139
14.281095735970823,22.16634581961088,22.16634582208246,10.08059798754232,12.085747834540138,56.007742346256286,65.08490443848008,167.2613185767636,174.55369698086662,177.7542574326876,34.713109915419565,87.46427842267951,0.39688328238068005,0.0,0.0,140
14.281095735970823,23.286064915589993,23.286064918223566,9.246112745563252,14.039952172660314,56.37542121480417,67.81418568416706,174.972766028276,172.61671639982418,179.9682394978313,39.05124837953327,86.00581375697809,0.4540535885787641,0.0,0.0,141
14.796762245057346,23.962488971952947,23.962488974578186,8.471144633014832,15.491344341563353,57.088594915413765,69.36528093149919,167.08508094292168,174.48887979907894,178.94936991320836,38.3275357934736,88.63972021616495,0.4323968498059402,0.0,0.0,142
14.036243467926479,22.6198649456188,22.619864948040426,11.07020257793936,11.549662370101066,55.31006767532716,74.87418955792306,172.3151926620401,171.25383773711087,178.82721950666772,37.64306044943742,91.0,0.41366000489341564,0.0,0.0,143
14.437960142147887,22.479434394776383,22.479434397103113,12.804266065286752,9.67516833181636,49.641476034800895,68.94141078944574,174.4825099697224,171.49493061975946,177.25109218546595,35.17101079013795,94.15412895885129,0.37354719517158363,0.0,0.0,144
13.796111682338227,19.932536559921644,19.932536561939525,9.462322208025617,10.470214353913908,49.96393686080811,84.52645302810357,177.83892049670652,172.33812378951478,176.6516389991183,36.68787265568828,96.79876032264049,0.379011802729845,0.0,0.0,145
13.309178695400478,17.878696594041287,17.87869659584134,8.13010235415598,9.74859424168536,49.31561988622944,57.63021606274426,179.60418046017395,172.34347203737258,179.42127442882855,36.138621999185304,97.71898484941399,0.36982191383974256,0.0,0.0,146
12.136824455292272,18.245854525706047,18.24585452757825,8.13010235415598,10.115752173422269,46.424657037260324,82.17174947034447,179.94897915601533,171.79940300250848,179.99992015504478,38.897300677553446,95.81753492967766,0.405951798927424,0.0,0.0,147
11.951875130024774,16.02586744683242,16.025867448449763,7.666804261814177,8.359063186635584,46.18322136341457,66.13060993541282,166.65681683242252,171.63411387560046,178.86591180169552,33.24154027718932,97.8008179924892,0.33989020701588885,0.0,0.0,148
9.972057687331088,14.858614446475546,14.85861444792466,5.710593137499642,9.148021310425019,42.185972192097445,81.07359207331885,155.30910482726688,168.9980891928037,177.81835859504514,32.984845004941285,101.39033484509261,0.3253253384761312,0.0,0.0,149
9.900973904764998,14.74356283498639,14.743562836470735,6.458816378718656,8.284746457752078,35.18303517611875,73.39611913797822,174.62748361595402,172.38044801715552,179.40653190220485,36.49657518178932,98.2344135219425,0.3715253531790249,0.0,0.0,150
9.633660750853014,13.207928461478602,13.207928462779106,6.581944655178011,6.625983807601095,12.075288585054913,46.29186345007959,151.14433877762838,174.09743584785767,179.50725795397125,32.55764119219941,100.66280345788111,0.3234326888440745,0.0,0.0,151
10.36127696218723,14.596575524038636,14.596575525494172,7.523820438638627,7.072755086855545,3.050291442844659,51.72896888157528,152.30052718590576,172.45717067372402,178.9677081079905,33.54101966249684,99.20181449953424,0.33810893307070744,0.0,0.0,152
10.51479009100424,15.708637827460207,15.708637829015744,7.815293546766876,7.893344282248869,81.57303097861966,89.19208118553826,154.7369014831638,173.4801982479038,178.8890575622602,35.90264614203248,99.72462083156798,0.36001787561640214,0.0,0.0,153
9.739445945497241,16.101302397584522,16.101302399158424,9.2726017772003,6.828700621958124,44.60667130994339,86.97707583623902,172.2348338869574,171.2538377371097,178.89934147085364,33.13608305156178,100.96038827183659,0.32820875212029244,0.0,0.0,154
9.048890204881795,13.33924890203738,13.339248903363403,8.297144969836873,5.04210393352653,145.5447588741691,84.06258390054812,142.1250163435177,172.90736329092346,179.36026041869084,34.713109915419565,99.68951800465283,0.3482122354159369,0.0,0.0,155
8.80970066679809,15.865707801187824,15.865707802773827,9.659893078442336,6.205814724331491,145.94153829120916,83.83329446764978,140.64054943013397,172.2939800298909,177.90606254059742,31.78049716414141,98.76234100101111,0.3217876048583961,0.0,0.0,156
8.683526835729468,16.26020470670768,16.26020470831196,8.297144969836873,7.963059738475087,151.5861924805194,86.77002981836644,144.16234704393523,171.71657491231338,179.50304290818406,34.92849839314596,100.0,0.3492849838965311,0.0,0.0,157
8.683526835729468,15.554571268548479,15.554571270074405,6.9810574068297955,8.57351386324461,164.77205593035367,93.56503417536572,154.13364320268326,173.945970109799,177.2598396570047,33.54101966249684,100.68763578513501,0.3331195473766151,0.0,0.0,158
9.530127832599952,15.255118701588653,15.255118703057777,7.815293546766876,7.439825156290901,171.32183111353848,113.07540708706074,140.09211512330467,171.2098930237642,179.49784458319868,34.713109915419565,102.61578825892242,0.33828234914931277,0.0,0.0,159
8.571963359104238,15.945395899378495,15.945395900922854,8.914926957147866,7.030468943774988,177.73408286035044,131.74360793561002,149.27251338295176,173.52634156482017,179.05846821489487,33.95585369269929,101.92153844992725,0.33315680086648025,0.0,0.0,160
8.510313788752471,15.255118701588653,15.255118703057777,7.96961039432136,7.285508308736417,168.13226810166057,115.92340804914699,168.4634538861318,170.5000221350109,176.77744662417405,30.364452901377952,102.61578825892242,0.2959042990714319,0.0,0.0,161
8.21695794125727,14.574216196643375,14.574216198038739,7.96961039432136,6.604605803717379,156.9001636842347,131.85161116206305,173.6598082463948,172.1805030319408,178.4786577035225,30.083217912982647,103.32473082471591,0.29115215369982883,0.0,0.0,162
7.895765094293781,16.85839876613201,16.85839876773828,8.914926957147866,7.943471810590413,155.4328286791227,143.31149951190807,165.96375652893315,171.2898486721278,177.46495980508442,31.04834939252005,103.4456378974,0.30014169780956035,0.0,0.0,163
7.458127592823164,16.101302397584522,16.101302399158424,8.13010235415598,7.971200045002444,151.64004328030512,141.61836090788952,154.51772982430847,171.17362904542367,176.9209382680773,30.364452901377952,100.96038827183659,0.30075610264704883,0.0,0.0,164
8.359973857051914,16.32685350900367,16.32685351056501,9.090276920822323,7.236576589742686,149.11223252065207,133.5511251010338,161.6887999665136,171.7497178961624,175.80233164211745,34.20526275297414,103.16006979447037,0.3315746375298777,0.0,0.0,165
8.426969021480673,16.85839876613201,16.85839876773828,9.2726017772003,7.585796990537979,152.0184279149089,148.64230179640558,177.6876499379572,173.48019824787795,179.5120270011911,35.17101079013795,103.4456378974,0.3399951075909213,0.0,0.0,166
8.652541791114725,14.300277447841104,14.300277449185588,6.581944655178011,7.718332794007576,140.33555641990478,147.2459124724637,153.54298598964064,173.23288760797178,179.03623666828483,33.83784863137726,105.26157893552613,0.32146438396946975,0.0,0.0,167
8.918928617953839,15.792403527341671,15.792403528857287,9.090276920822323,6.702126608034964,135.64771503176829,130.34449257176294,146.49656301645632,171.8698976454696,179.91514881627714,32.57299494980466,102.88342918079665,0.316600984298436,0.0,0.0,168
9.803567604345043,15.40342496097249,15.403424962469622,8.13010235415598,7.2733226083136415,128.03141976732337,138.76118791651567,146.01306580547427,172.54570118685757,178.95837332120905,34.48187929913333,101.65136496870073,0.3392170809153267,0.0,0.0,169
9.462322208025617,17.020525609883457,17.020525611519858,6.9810574068297955,10.039468204690063,132.3682676250323,143.25943797948503,140.58573570304108,171.4581809219188,179.52563972761956,32.984845004941285,102.48902380255166,0.32183782982721404,0.0,0.0,170
9.462322208025617,15.255118701588653,15.255118703057777,7.96961039432136,7.285508308736417,131.32829990145646,130.15988751092402,144.2461127443891,172.0198862544606,179.54069399967972,33.24154027718932,102.61578825892242,0.32394177190428164,0.0,0.0,171
9.531645561388583,16.645038213054892,16.645038214675942,7.96961039432136,8.675427820354582,132.24004103026826,142.37464416798375,141.2634906131101,171.4163785195456,179.52007865046093,32.28002478313795,101.24228365658294,0.31883935855738327,0.0,0.0,172
8.939565003151525,15.792403527341671,15.792403528857287,8.13010235415598,7.662301174701307,126.483537674165,141.61840626345293,150.178049098377,170.9337154262293,179.84386689608857,29.120439557122072,102.88342918079665,0.28304304965494886,0.0,0.0,173
9.081969572828761,16.48445318794488,16.484453189535667,9.2726017772003,7.211851412335367,123.9664393564989,132.01928560138612,148.02307966917132,172.3490358147684,177.9174347188375,31.016124838541646,102.20078277586722,0.303482262983515,0.0,0.0,174
9.005931656396026,15.792403527341671,15.792403528857287,7.815293546766876,7.977109982090411,117.40757543770613,137.3532968658073,147.33908727703994,173.03788489349768,179.61878931785185,30.675723300355934,102.88342918079665,0.29816000051347435,0.0,0.0,175
9.462322208025617,15.945395899378495,15.945395900922854,9.090276920822323,6.8551189801005314,119.47588900311807,134.88699071923403,143.13010235256442,173.97668976580647,178.47033618014336,28.861739379323623,101.92153844992725,0.2831760569496434,0.0,0.0,176
9.531645561388583,16.101302397584522,16.101302399158424,9.090276920822323,7.0110254783361015,109.61008206007864,131.12485076078767,167.24594199087366,172.33329377483037,178.96222322292596,28.635642126552707,100.96038827183659,0.28363244846696417,0.0,0.0,177
9.673355432403495,17.35402463456216,17.35402463626132,9.2726017772003,8.081422859061021,109.18879715590981,120.94342446053034,158.90205040828354,173.96619987586834,178.8341043776339,30.805843601498726,100.57832768544127,0.30628709292901685,0.0,0.0,178
9.673355432403495,17.185706142557418,17.18570614422477,9.090276920822323,8.095429223402448,106.09544179150015,107.73603591464125,166.60750224178992,172.8636080424619,179.39623986373866,28.442925306655784,101.53324578678651,0.28013410862076465,0.0,0.0,179
9.84755697411625,14.596575524038636,14.596575525494172,9.090276920822323,5.50629860467185,98.95937290713215,121.2098797196875,155.09523118980087,174.41253293345972,178.8129696481746,28.442925306655784,99.20181449953424,0.28671779288797333,0.0,0.0,180
9.84755697411625,14.036243466522171,14.036243467926479,7.96961039432136,6.066633073605119,98.57771652497675,114.17039353942965,156.80140948404204,173.85079911188316,178.8250818863345,27.459060435491963,98.95453501482385,0.27749168270664454,0.0,0.0,181
9.884124007522072,15.004920381383089,15.004920382860224,9.2726017772003,5.732318605659923,104.14234664196786,125.741882481563,151.8214098882687,174.3579011725369,178.33618709696984,32.984845004941285,100.42410069301094,0.3284554681001224,0.0,0.0,182
10.132211565804758,15.461217738875787,15.461217740441903,8.13010235415598,7.331115386285923,93.99091309841124,120.01642324243218,155.8544580375675,174.96760943233988,177.80587282976785,32.7566787083184,97.52948272189288,0.3358643744514265,0.0,0.0,183
10.094622737469402,15.461217738875787,15.461217740441903,9.2726017772003,6.1886159632416025,90.13940551447914,111.55707928490777,157.45693899753678,173.79070944203752,178.34707844031712,33.54101966249684,97.52948272189288,0.3439064652347293,0.0,0.0,184
9.84755697411625,15.461217738875787,15.461217740441903,8.297144969836873,7.16407277060503,83.92135048923903,94.60009566622556,164.11685502697404,172.8904147786459,179.45948980713948,30.265491900843113,97.52948272189288,0.31032146437239405,0.0,0.0,185
10.057308914963816,13.749048982012154,13.749048983419309,9.2726017772003,4.476447206219008,92.11674492863183,101.00354085168874,160.87477397606563,172.3417788490879,179.99992093484417,27.16615541441225,96.77293009927931,0.2807206042406208,0.0,0.0,186
9.673355432403495,14.470294098575266,14.470294100065887,7.125016348901798,7.345277751164089,89.94343952527022,92.78120155144687,160.0893738660008,172.26448433265296,177.84095541452015,22.360679774997898,96.04686356149273,0.2328100985656202,0.0,0.0,187
9.427257475859195,14.322719976742547,14.322719978203553,8.297144969836873,6.02557500836668,81.28135071473437,84.76772712189211,164.60445074237074,173.7857023797671,177.7388276799421,21.0,97.01546268507923,0.2164603395852809,0.0,0.0,188
9.920960893171664,14.322719976742547,14.322719978203553,8.297144969836873,6.02557500836668,78.19756579227676,75.69131467714351,165.25643715970796,175.00226990529202,178.88867906221716,21.02379604162864,97.01546268507923,0.21670562050202952,0.0,0.0,189
9.427257475859195,14.322719976742547,14.322719978203553,8.297144969836873,6.02557500836668,93.96926345669928,98.42251298010748,158.0455981390278,174.7205155916859,179.97821853122392,20.024984394500787,97.01546268507923,0.20641023439159958,0.0,0.0,190
9.920960893171664,14.322719976742547,14.322719978203553,8.297144969836873,6.02557500836668,92.73202087274225,96.39101804816531,159.45653895909626,175.17176331966505,177.84936885172982,15.033296378372908,97.01546268507923,0.15495773519756062,0.0,0.0,191
10.132211565804758,14.470294098575266,14.470294100065887,10.619655276155134,3.850638823910753,98.73531695135696,96.2010805520296,157.83365417550567,175.675844553912,178.42116403466943,15.132745950421556,96.04686356149273,0.15755585750238954,0.0,0.0,192
10.459909092929127,15.046391830653981,15.046391832198506,8.13010235415598,6.9162894780425255,96.89210795894635,79.26733544339403,162.5392683932895,175.68397247945416,179.47251958434435,16.1245154965971,96.30160954002794,0.16743765313933345,0.0,0.0,193
10.753680246939542,17.281498370010834,17.281498371816642,9.659893078442336,7.621605293374307,99.53663575840878,95.25964270427863,168.98288837609815,175.60685842169767,175.63984304360005,11.045361017187261,94.25497334358543,0.11718597570180204,0.0,0.0,194
10.246658493327583,17.463926889999904,17.463926891842846,9.865806943084367,7.5981199487584785,96.07626238803044,125.02007885398879,162.1213034011293,177.3513231773926,172.22780437868823,11.045361017187261,93.30058949438637,0.11838468626897564,0.0,0.0,195
9.782407031807287,16.12757582411775,16.12757582595981,9.462322208025617,6.665253617934193,97.60159969457241,115.4330175665547,166.22230973438855,176.77443692668083,172.20895895114666,10.44030650891055,86.40023148117139,0.12083655713326845,0.0,0.0,196
9.496858538691017,15.56151032345413,15.561510325328486,9.926245506651705,5.635264818676781,106.2375200496055,145.25359802074607,161.09689997456874,179.16254609436618,168.19380344636372,12.649110640673518,82.00609733428362,0.15424597743713075,0.0,0.0,197
9.462322208025617,18.9246444135401,18.924644416051233,9.211026540816666,9.713617875234567,120.71073461653864,141.32631699605182,154.31185656208808,177.96234741464838,162.77428119925614,13.601470508735444,74.0,0.18380365549861363,0.0,0.0,198
9.462322208025617,19.249525869851038,19.24952587268173,9.462322208025617,9.787203664656113,104.46222654450301,176.63353933362197,167.3276840599988,174.69929257632657,166.92398823213287,16.15549442140351,66.73080248281148,0.24209950754217063,0.0,0.0,199
10.36127696218723,21.194056477600867,21.194056481542287,12.339087278326195,8.854969203216092,126.19058553297342,168.02000191272123,171.56485598612417,174.70911695542173,166.72935612338182,14.317821063276353,52.55473337388365,0.27243637521082037,0.0,0.0,200
9.293308599397115,21.16125981060611,21.161259816828277,14.036243467926479,7.125016348901799,140.02259118091908,165.32360686214037,170.96583121561997,168.91109601163177,169.54201511876994,16.97056274847714,33.24154027718932,0.5105227556202406,0.0,0.0,201
