spine_angle,spine_lateral_tilt,shoulder_rotation,hip_rotation,hip_angle,x_factor,shoulder_rotation_3d,hip_rotation_3d,x_factor_3d,lead_arm_angle,trail_elbow_angle,arm_extension,wrist_hinge,wrist_angle,lag_angle,lead_knee_flex,trail_knee_flex,stance_width,shoulder_width,stance_width_ratio,head_lateral,head_vertical,head_displacement,frame
4.6034947988834665,1.1934894238991778,178.80651057601798,178.61964592655556,178.61964592655556,0.18686464946242154,138.45719089085938,135.88814888008454,2.5690420107748366,173.38501045908305,159.40079593214293,173.38501045908305,168.67889875747383,168.67889875747383,168.67889875747383,176.15389226333485,176.55106943825314,192.5464607457954,192.41832895176825,1.0006659021763598,0.0,0.0,0.0,0
1.6073679219716324,3.8395963376965505,176.16040366204652,174.8055710922652,174.8055710922652,1.3548325697813084,147.80190707640295,147.23865925393036,0.5632478224725901,170.94906600198348,163.71263660525548,170.94906600198348,165.34616425435854,165.34616425435854,165.34616425435854,178.86334922604257,175.40945681415798,182.15984024842373,176.36277086324802,1.032870142300849,0.0,0.0,0.0,1
1.3019526725788753,4.7636416903968914,175.2363583092738,175.96228937902288,175.96228937902288,0.7259310697490662,145.62405256696948,147.6746094407077,2.0505568737382305,169.9237025286121,166.14300591104646,169.9237025286121,169.79552426428137,169.79552426428137,169.79552426428137,178.87518407994727,177.56435097806434,184.79352192206355,174.88349861801115,1.0566664286327647,0.0,0.0,0.0,2
1.5481576989779677,4.114909097942234,175.88509090176274,173.8844964337146,173.8844964337146,2.000594468048149,145.71816025637673,148.57165863279707,2.853498376420333,169.80523174240818,165.74657883361735,169.80523174240818,167.1626864479331,167.1626864479331,167.1626864479331,178.74226289519808,176.42170247401066,184.1793745879773,168.52144446352767,1.0929135764493714,0.0,0.0,0.0,3
1.1372358346395235,3.179830119643866,176.82016988013575,174.0256767135194,174.0256767135194,2.7944931666163484,147.42181875857997,147.35216304510166,0.06965571347831201,167.62736718699313,166.89765372926624,167.62736718699313,166.13421341908034,166.13421341908034,166.13421341908034,178.18961300335383,176.18694101201567,188.6784704974064,171.07508866609032,1.1028985690292168,0.0,0.0,0.0,4
1.567403845218512,3.601278116972265,176.39872188277656,175.3466484127316,175.3466484127316,1.0520734700449452,147.28023699234515,146.77296247279995,0.5072745195452057,170.2578322938362,166.29329250234002,170.2578322938362,167.26161384018243,167.26161384018243,167.26161384018243,179.63313799043533,176.06209127343985,187.3084602616542,170.20822205445998,1.1004665814012096,0.0,0.0,0.0,5
1.8294643348473465,4.86451443741718,175.1354855622395,175.3466484127316,175.3466484127316,0.2111628504921157,144.9679919031016,143.73788011915428,1.230111783947308,171.53922612272126,167.6044778116422,171.53922612272126,170.1325938661952,170.1325938661952,170.1325938661952,179.49894915909363,174.9533702728072,187.40605470089582,172.6142220890563,1.0856930119776056,0.0,0.0,0.0,6
1.536835168426506,5.591557755368646,174.40844224424282,176.0090869015702,176.0090869015702,1.6006446573273934,141.44491572222066,141.3110222580398,0.1338934641808578,171.73368576159748,169.5686411707788,171.73368576159748,170.82794440991464,170.82794440991464,170.82794440991464,178.2001282488609,176.12650005011625,188.1311052015287,183.3974128801736,1.0258111182527414,0.0,0.0,0.0,7
1.242364330674273,6.641519137560702,173.35848086198845,174.86362150757228,174.86362150757228,1.5051406455838219,143.0418112610649,145.7329665748972,2.6911553138322972,169.89718187468299,168.87694155171533,169.89718187468299,168.19140381930956,168.19140381930956,168.19140381930956,178.89569411918572,175.3438150052273,184.5221392456265,183.5005419963892,1.0055672709631656,0.0,0.0,0.0,8
1.536835168426506,5.30510960583361,174.69489039378962,173.9559078377589,173.9559078377589,0.7389825560307202,143.22365461941325,143.33398756688726,0.11033294747400646,171.41637851966343,167.3424683957952,171.41637851966343,166.57277963952066,166.57277963952066,166.57277963952066,179.99995395159354,175.48235518502008,184.53602189537943,175.26897162005156,1.052873307688986,0.0,0.0,0.0,9
1.5519690326724114,5.1231655367767095,174.87683446287187,174.0256767135194,174.0256767135194,0.8511577493524669,143.0059453979333,144.31925233452301,1.3133069365897256,171.03745344451065,166.1641697720239,171.03745344451065,168.1728483416764,168.1728483416764,168.1728483416764,178.33428500154108,175.77381324696756,189.431440217962,182.0103286495498,1.0407730243281599,0.0,0.0,0.0,10
1.6602823689828055,5.230807175186881,174.7691928244468,175.3466484127316,175.3466484127316,0.5774555882848063,140.4105426307943,140.44034206645026,0.029799435655945672,170.8528025516755,169.0085895583446,170.8528025516755,171.90566279606065,171.90566279606065,171.90566279606065,179.37586247296787,176.43809212283983,188.5915737969145,184.72270862774556,1.0209441772898429,0.0,0.0,0.0,11
1.5293783553328129,6.3841639390697,173.61583606048754,174.68545433005525,174.68545433005525,1.0696182695677123,141.39776175378924,141.99378417468478,0.5960224208955367,169.5338004817585,170.63888848053531,169.5338004817585,167.17242582321452,167.17242582321452,167.17242582321452,179.55031850970633,175.27342022504544,186.6001407426791,183.68054804371727,1.0158949476136578,0.0,0.0,0.0,12
1.8205243337956232,6.732921326396331,173.26707867314042,173.4430535018366,173.4430535018366,0.17597482869618375,142.07475488567619,142.75176842427595,0.6770135385997662,169.09305471675285,169.89617492909952,169.09305471675285,163.1285676152612,163.1285676152612,163.1285676152612,179.8693950094616,175.78403486419404,188.5234931766815,183.3425354250564,1.028258351120383,0.0,0.0,0.0,13
1.6643001649520328,4.429559298666938,175.57044070102236,174.5596679689945,174.5596679689945,1.010772732027874,144.58246472638376,145.48695431118495,0.9044895848011834,169.72348550176193,164.23638493180593,169.72348550176193,164.4118831949601,164.4118831949601,164.4118831949601,179.75703554042292,175.4942268985841,188.56515393441882,174.59058779613673,1.0800419215255708,0.0,0.0,0.0,14
0.990198829204371,6.2540327434915035,173.74596725608353,174.0938588862295,174.0938588862295,0.34789163014596625,144.74292251741494,143.9165234631687,0.8263990542462523,170.83721254421812,167.50224840218053,170.83721254421812,167.39913391494673,167.39913391494673,167.39913391494673,177.76796096707227,177.62039426076169,194.25991601905199,179.51108735483245,1.0821611014156718,0.0,0.0,0.0,15
1.8160870076338989,3.247342790093107,176.7526572096771,174.68545433005525,174.68545433005525,2.0672028796218456,145.47437772516955,145.69583433933994,0.22145661417039264,169.96218150369575,164.52830547665334,169.96218150369575,168.1145712373033,168.1145712373033,168.1145712373033,177.29654104538335,177.70346483473267,194.84313346602042,171.32979744357186,1.1372402020075951,0.0,0.0,0.0,16
1.8568188450720222,3.5035316445467157,176.49646835521557,177.33699923393286,177.33699923393286,0.8405308787172885,146.34980733290024,145.93455013555064,0.41525719734960376,170.21198288483174,166.18296700420342,170.21198288483174,166.48058588534306,166.48058588534306,166.48058588534306,177.85688282139893,177.09054887610156,189.19367629139424,176.81931953679845,1.069983058278429,0.0,0.0,0.0,17
2.4095395317886092,3.157944796221919,176.84205520356073,176.0090869015702,176.0090869015702,0.832968301990519,152.9115666385893,154.64987923349616,1.7383125949068585,170.3388678163182,165.3743709774655,170.3388678163182,166.6589379303163,166.6589379303163,166.6589379303163,178.28771421427774,177.5245995081585,185.20729351331315,163.06194324771056,1.135809434213617,0.0,0.0,0.0,18
2.234798858738865,3.601278116972265,176.39872188277656,175.29214775562778,175.29214775562778,1.1065741271487752,144.0880907551695,144.88228564836896,0.7941948931994602,170.57518422909143,164.51573882300198,170.57518422909143,166.84378722958337,166.84378722958337,166.84378722958337,179.75441150377557,175.738932713254,183.8951117994682,176.7899382164061,1.0401899205596352,0.0,0.0,0.0,19
1.6846843178962914,5.514911590867056,174.48508840875496,174.6232945719493,174.6232945719493,0.13820616319432588,140.34025347340904,139.77938288466072,0.5608705887483154,171.179620447759,166.29809013796606,171.179620447759,168.01536921951194,168.01536921951194,168.01536921951194,179.8518295663638,175.00483685313978,189.69327960851658,188.8684302785226,1.004367322366866,0.0,0.0,0.0,20
2.100370848817695,5.6306827572412805,174.36931724236476,175.29214775562778,175.29214775562778,0.9228305132630226,142.55409295929576,143.51219270853596,0.9580997492402048,170.79907319084455,166.5044054433746,170.79907319084455,166.33602156761503,166.33602156761503,166.33602156761503,179.00015884866764,176.95789062098933,187.7585082660608,179.40467731147936,1.0465641758582025,0.0,0.0,0.0,21
2.3685482877253503,4.7967989665016795,175.20320103316445,176.67259575827342,176.67259575827342,1.4693947251089696,141.70361976698868,140.48533966920795,1.2182800977807346,171.34723818892488,164.89655091798804,171.34723818892488,169.62780618629256,169.62780618629256,169.62780618629256,179.98881150795307,175.83962452829545,189.24376276184356,182.60314847544228,1.0363663733702306,0.0,0.0,0.0,22
2.229366885062516,5.55297103265359,174.4470289669632,174.0256767135194,174.0256767135194,0.4213522534437857,144.22805460670412,142.79535121889444,1.4327033878096813,169.44017677771342,166.02282167746455,169.44017677771342,166.61100093973636,166.61100093973636,166.61100093973636,179.46624343197982,176.49906216096775,187.27104565916383,178.03325567196586,1.051888002282563,0.0,0.0,0.0,23
1.9137054987459374,5.55297103265359,174.4470289669632,175.3466484127316,175.3466484127316,0.8996194457684226,141.87913016766538,142.91400625874195,1.034876091076569,169.6951535310501,166.0796267991702,169.6951535310501,165.27728784446165,165.27728784446165,165.27728784446165,179.8401689293174,175.30890961993225,187.2866125198678,183.57533367936716,1.0202166530541656,0.0,0.0,0.0,24
1.9321369389493732,4.7636416903968914,175.2363583092738,175.3466484127316,175.3466484127316,0.11029010345779966,142.91501220469559,143.14469701788866,0.22968481319307443,170.78814954926565,168.47385806334412,170.78814954926565,167.57556377917334,167.57556377917334,167.57556377917334,179.39907054915693,175.84435102258178,187.57849591061915,180.90793072946403,1.0368727072599253,0.0,0.0,0.0,25
2.085090435282934,3.9724959404756746,176.02750405924934,174.6232945719493,174.6232945719493,1.4042094873000508,141.87323357069997,143.35220105500446,1.4789674843044907,170.34239793922504,167.57382764791595,170.34239793922504,163.4311708199651,163.4311708199651,163.4311708199651,179.90462866279245,175.20532300238253,185.1557569540755,183.32843599594423,1.0099674714296478,0.0,0.0,0.0,26
2.2132281763958037,6.6869093257253684,173.31309067381764,175.29214775562778,175.29214775562778,1.97905708181014,142.62202594625586,144.44622912651238,1.824203180256518,171.405437111349,169.35185898584348,171.405437111349,163.8107937425485,163.8107937425485,163.8107937425485,179.0088224239285,176.01961266791483,182.3444816725491,183.26091402925945,0.9949993026526429,0.0,0.0,0.0,27
2.223961240385479,5.946863053563483,174.05313694602648,176.67259575827342,176.67259575827342,2.6194588122469327,142.36838406368284,141.3333355975189,1.0350484661639427,171.8865956948699,169.04570854671437,171.8865956948699,166.1391296295597,166.1391296295597,166.1391296295597,179.19021958176336,176.9303267816986,188.7222561994994,182.44667221933446,1.0343968124684486,0.0,0.0,0.0,28
2.653272028412212,5.514911590867056,174.48508840875496,176.0090869015702,176.0090869015702,1.5239984928152523,142.8345839980844,141.62644034788266,1.2081436502017482,172.63498036376862,170.37838114495565,172.63498036376862,167.80357887044727,167.80357887044727,167.80357887044727,179.83877284745572,176.37013864764404,188.9745723078226,182.49407953568007,1.035510701378783,0.0,0.0,0.0,29
2.526116911619555,4.279463529955186,175.7205364697548,175.29214775562778,175.29214775562778,0.42838871412700996,143.84355507292037,141.8279120444539,2.0156430284664566,171.31942899191546,170.38768918277896,171.31942899191546,164.76514465681825,164.76514465681825,164.76514465681825,178.6256101943298,175.9573263940848,184.24376417911404,182.39584916787024,1.010131343501363,0.0,0.0,0.0,30
2.6213497565908237,4.7967989665016795,175.20320103316445,175.2363583092738,175.2363583092738,0.03315727610936392,140.93905388668,139.3271227286762,1.611931158003813,172.89402160388667,171.39277518800895,172.89402160388667,168.36636600044287,168.36636600044287,168.36636600044287,179.75767194740686,176.7423301252552,188.7158834362477,184.5558965564757,1.0225405253755933,0.0,0.0,0.0,31
2.1106827690929,4.698680516979053,175.30131948270056,176.63353933657018,176.63353933657018,1.332219853869617,141.214353444814,140.56096130859675,0.6533921362172634,171.2766193580976,169.6561768162982,171.2766193580976,167.263083626514,167.263083626514,167.263083626514,179.6626080515133,175.7910150755672,187.23303513514216,187.68478784934615,0.9975930242969795,0.0,0.0,0.0,32
2.3233754486244016,2.8024515196711213,177.1975484801332,176.0090869015702,176.0090869015702,1.1884615785629933,144.7736817070344,145.79335313755212,1.0196714305177181,171.38660434627286,168.20675726436698,171.38660434627286,167.08665376228592,167.08665376228592,167.08665376228592,179.5896856741675,176.1782951297974,182.8871659973573,175.19620377123914,1.0438991373678483,0.0,0.0,0.0,33
2.5385445983987927,4.308664916230872,175.69133508347514,176.67259575827342,176.67259575827342,0.9812606747982784,147.00001042456685,147.34909027770246,0.3490798531356063,172.37170009050203,171.24356890161908,172.37170009050203,167.72781947816216,167.72781947816216,167.72781947816216,179.5609882731307,176.53223152056924,181.7046167368051,174.432205320043,1.04169190771281,0.0,0.0,0.0,34
2.7524854002686845,1.591140271084148,178.40885972880542,176.0090869015702,176.0090869015702,2.3997728272352106,144.49084388366848,144.65185618039982,0.16101229673134299,172.06394536897847,166.84297671269144,172.06394536897847,167.27486411086798,167.27486411086798,167.27486411086798,179.79789931784225,174.7740725908242,189.5101390775457,176.94445944872933,1.0710148238450337,0.0,0.0,0.0,35
2.5830206686350574,3.115064759694001,176.8849352400945,178.02506598911802,178.02506598911802,1.1401307490235126,145.76728231308817,146.0316719525463,0.26438963945813043,171.74056201988427,168.19859711710998,171.74056201988427,165.20159993667428,165.20159993667428,165.20159993667428,179.75236490463678,176.36576145819097,182.90068266002146,177.9825035312349,1.0276329359399483,0.0,0.0,0.0,36
2.3976837658075754,4.308664916230872,175.69133508347514,175.39990433373674,175.39990433373674,0.2914307497383959,145.1853302500541,145.0936030512243,0.09172719882980118,174.10137382562135,165.33516056597156,174.10137382562135,169.0059756244127,169.0059756244127,169.0059756244127,179.65423172091934,174.997925313753,185.60878633514812,178.17113500663703,1.0417444235162816,0.0,0.0,0.0,37
2.7859181872460144,3.115064759694001,176.8849352400945,175.50284838533221,175.50284838533221,1.3820868547622922,146.2206204451578,147.06645040325125,0.8458299580934465,174.35861282416883,165.6858691276955,174.35861282416883,167.29112233878266,167.29112233878266,167.29112233878266,178.75201370614806,174.66530315765667,182.8436518645416,177.03686044377562,1.0327999005172266,0.0,0.0,0.0,38
2.2079003808431255,3.4799175040351638,176.5200824957303,174.8055710922652,174.8055710922652,1.7145114034650817,144.4325932534292,147.56487766842608,3.1322844149968887,171.4999423706177,168.0049743791294,171.4999423706177,167.08665376228592,167.08665376228592,167.08665376228592,179.98114023978587,175.5829345365796,177.17912980120946,182.1676497613273,0.9726157746648217,0.0,0.0,0.0,39
1.5219935376684772,5.1231655367767095,174.87683446287187,175.3466484127316,175.3466484127316,0.46981394985974134,142.2845600440883,143.25411078319323,0.9695507391049318,173.36155117254842,167.1712171283889,173.36155117254842,168.94826256419003,168.94826256419003,168.94826256419003,179.89903836787266,174.74411322114918,182.5408755399149,183.75907584818162,0.9933706658428839,0.0,0.0,0.0,40
0.9951119815907945,5.440332030637636,174.5596679689945,174.16050768848257,174.16050768848257,0.39916028051192143,144.3404486706461,146.29149035249935,1.9510416818532406,172.0205953136966,168.51260137427167,172.0205953136966,167.96350340726596,167.96350340726596,167.96350340726596,178.16819920816243,174.2319352039047,181.40360443506108,181.46498245797832,0.9996617637624489,0.0,0.0,0.0,41
0.6969945645630757,2.822155299613378,177.17784470018822,174.74619724873773,174.74619724873773,2.4316474514504876,146.9125734418201,149.08280511739622,2.170231675576133,169.75027589674173,164.48977061212247,169.75027589674173,167.80379466808674,167.80379466808674,167.80379466808674,175.99656149161402,174.73043808694757,184.2300400879704,169.62822450736746,1.0860812851879371,0.0,0.0,0.0,42
1.722662071622803,0.40348473503033666,179.59651526494125,176.09950625761812,176.09950625761812,3.497009007323129,146.77618372631,147.855295545601,1.0791118192910005,171.6777155062835,162.9469328441343,171.6777155062835,169.06844916757183,169.06844916757183,169.06844916757183,174.1765367211812,174.4566314901572,183.95457485959,169.7504427475109,1.083676554071613,0.0,0.0,0.0,43
2.126341821851695,-0.3924307093139922,179.60756929065914,174.35175262626476,174.35175262626476,5.255816664394388,147.95228930545161,148.07631563100713,0.12402632555551918,170.57675767196088,161.1567746229529,170.57675767196088,167.61539503439855,167.61539503439855,167.61539503439855,177.36520116760002,173.03178615907123,177.91769457732545,172.2526367565468,1.0328880760092891,0.0,0.0,0.0,44
2.16379866526923,-0.77948632106546,179.22051367888153,178.09084756700364,178.09084756700364,1.1296661118778957,148.24724628158123,146.38628402021303,1.8609622613682006,171.37168603300395,165.02341783750072,171.37168603300395,173.54612629995114,173.54612629995114,173.54612629995114,177.07747254022095,174.8055710920661,185.24123491425885,172.88625279322423,1.0714630684088966,0.0,0.0,0.0,45
1.461310090881229,-1.2102941688360127,178.78970583107878,173.8844964337146,173.8844964337146,4.905209397364189,142.6736020643886,138.9168602783649,3.756741786023696,170.96027579145073,164.37576541868353,170.96027579145073,179.1076145336215,179.1076145336215,179.1076145336215,176.97860512037812,177.26701401505065,186.31673565402627,178.5979293329334,1.0432189014704176,0.0,0.0,0.0,46
1.527525442212927,-2.0025331316869592,177.99746686817312,178.6521127198014,178.6521127198014,0.6546458516282883,155.75165533041297,150.0782908805845,5.673364449828483,165.89584102993527,163.26579974461868,165.89584102993527,178.2038568437617,178.2038568437617,178.2038568437617,176.17699464570975,178.1883983887047,177.64502431298914,156.91680683502395,1.1320968600160022,0.0,0.0,0.0,47
0.44072807276101417,-1.6022613461589874,178.39773865372902,177.2072976342867,177.2072976342867,1.1904410194423178,170.65478540684546,166.42089214087375,4.233893265971716,166.03909610654807,172.05460432055995,166.03909610654807,178.96775530220737,178.96775530220737,178.96775530220737,175.4325045044941,179.7606629558584,180.4363132279481,144.97863227641247,1.2445717715938112,0.0,0.0,0.0,48
-0.7090699805243126,-2.4026094688182242,177.59739053101396,177.13759477388825,177.13759477388825,0.4597957571257041,179.99512525101392,173.86032026702193,6.134804983991984,163.37163095343345,167.30855094857193,163.37163095343345,177.3951193477442,177.3951193477442,177.3951193477442,174.83298384628708,178.93884228717644,180.92604016989202,143.1258192920611,1.2641048348380464,0.0,0.0,0.0,49
-0.2747977946799315,-6.009005957046026,173.99099404250546,177.58049078334366,177.58049078334366,3.5894967408382,156.97729875801377,164.05292205794584,7.075623299932062,163.75548954017685,174.45112808974133,163.75548954017685,179.7807569839819,179.7807569839819,179.7807569839819,173.24863520596514,177.70433646023116,190.92784984244102,145.18681435281607,1.315049515208178,0.0,0.0,0.0,50
-0.5482682363041987,-6.859760005014954,173.1402399944742,174.21760767763595,174.21760767763595,1.0773676831617536,147.65105792943214,163.7554538611038,16.10439593167166,162.12130340406463,178.04363169695338,162.12130340406463,179.4437477614602,179.4437477614602,179.4437477614602,177.5248417961852,178.519264387322,175.98577804223956,158.2437220742022,1.1121185455218041,0.0,0.0,0.0,51
-0.13707098135465665,-6.9634685259617015,173.03653147351199,177.13759477388825,177.13759477388825,4.101063300376268,149.30702054121576,173.02253340469383,23.715512863478068,158.04301663035434,168.42481118238067,158.04301663035434,179.0419658852939,179.0419658852939,179.0419658852939,176.64696128868684,176.89664067790355,179.3631453720487,153.1785874400986,1.1709413721449828,0.0,0.0,0.0,52
0.0,-9.162347044995345,170.8376529542783,176.9059419410829,176.9059419410829,6.068288986804589,142.26449596621083,169.06546848937845,26.800972523167616,158.25984756027185,172.2375229819602,158.25984756027185,172.72979217607104,172.72979217607104,172.72979217607104,179.03022069862484,176.66183658875715,178.3635050212788,158.0648346803095,1.1284199004208604,0.0,0.0,0.0,53
0.6693127716096328,-10.885527053841395,169.11447294534128,179.29268063145577,179.29268063145577,10.17820768611449,148.64492049852544,179.59916600453292,30.95424550600748,159.54859636983886,169.76417267788278,159.54859636983886,178.18529522202988,178.18529522202988,178.18529522202988,177.73773084396475,176.1053590132596,179.789939757943,154.27125994314608,1.1654143475106589,0.0,0.0,0.0,54
0.9219214776388204,-12.264773726858184,167.7352262721076,176.72951207681643,176.72951207681643,8.994285804708824,137.1641922428005,175.90622214366962,38.74202990086911,158.74390690725033,160.4002004285338,158.74390690725033,173.9188412095084,173.9188412095084,173.9188412095084,179.55462043273678,177.2810815563601,177.44079833319418,158.80439586814273,1.1173544494911334,0.0,0.0,0.0,55
0.661584677694151,-10.954062642536313,169.04593735660166,176.5526131481348,176.5526131481348,7.506675791533155,136.57505566929038,168.10769858910655,31.53264291981617,134.51548955176207,141.19177672842213,134.51548955176207,169.33273993224213,169.33273993224213,169.33273993224213,179.88886389643426,176.37982771379166,180.7962160552237,172.4126970581675,1.0486247192324911,0.0,0.0,0.0,56
-0.12933562572282564,-8.601384858002902,171.39861514128512,177.90474743537615,177.90474743537615,6.5061322940910316,146.0866933038002,175.19939111379335,29.112697809993165,146.94236817460873,136.3870274494687,146.94236817460873,172.45633717848588,172.45633717848588,172.45633717848588,178.81403911989753,178.363132272265,177.14174104585044,144.51909469777794,1.2257324293653824,0.0,0.0,0.0,57
-1.0416266760099742,-4.885202567701782,175.1147974318827,180.0,180.0,4.8852025681173075,160.55610842214546,171.4710183700742,10.914909947928749,55.93049577283846,142.24045964468314,55.93049577283846,163.0907281846506,163.0907281846506,163.0907281846506,174.84766636862304,177.98756953498932,175.77596197906834,124.47865561763744,1.4120972072905453,0.0,0.0,0.0,58
-1.6923375309026798,-3.366460663147556,176.63353933657018,178.0021201435233,178.0021201435233,1.3685808069531333,152.03302335216233,156.86262604586278,4.829602693700451,41.340718481873566,144.38051735201748,41.340718481873566,172.9654089493474,172.9654089493474,172.9654089493474,171.88915187651264,179.68055252414564,186.5305573966188,134.91628421089646,1.3825651845793132,0.0,0.0,0.0,59
-2.573359463176823,-4.2538364357689264,175.74616356388083,177.30571571014391,177.30571571014391,1.559552146263087,157.84018835355357,172.78568432898086,14.945495975427292,58.25258557138456,146.76608253247989,58.25258557138456,155.80241828863933,155.80241828863933,155.80241828863933,172.47617956119575,179.6518568722803,179.1255634373024,130.96006584765996,1.3677876707239391,0.0,0.0,0.0,60
-2.3320236816230584,-3.310941514338421,176.68905848538856,177.978635059644,177.978635059644,1.2895765742554488,165.33979356710856,164.797708886198,0.5420846809105626,70.0659795913561,151.56194170540425,70.0659795913561,166.03785384238162,166.03785384238162,166.03785384238162,171.80744035424468,178.4373415266987,200.19361031385972,125.26760380950387,1.598127562193299,0.0,0.0,0.0,61
-2.5966687876354757,-1.4086287352230524,178.59137126466155,177.33699923393286,177.33699923393286,1.254372030728689,169.9828368854215,164.77887181221325,5.203965073208252,142.19347005479258,147.3658431439123,142.19347005479258,70.27772223628257,70.27772223628257,70.27772223628257,171.28039101935062,178.52631136247678,214.43759864086414,123.92491354385842,1.7303832820320544,0.0,0.0,0.0,62
-3.336336702213327,-0.4939168985761789,179.50608310138125,176.5106750942036,176.5106750942036,2.9954080071776445,171.8320555337937,167.72355107768695,4.108504456106743,169.0771952769343,137.1279434064915,169.0771952769343,79.07719528026678,79.07719528026678,79.07719528026678,171.13817119560508,178.12397675751367,193.40393974778763,117.19304435659033,1.6503022068682063,0.0,0.0,0.0,63
-3.9967034753189186,-2.405970516443355,177.5940294833547,176.28471089457122,176.28471089457122,1.3093185887834693,172.88682715704974,170.3360691043095,2.5507580527402354,156.119286148481,131.05278868408908,156.119286148481,170.90482264554902,170.90482264554902,170.90482264554902,168.10705459544212,178.4936962771345,205.1211793233319,120.02717623657706,1.708956135916607,0.0,0.0,0.0,64
-4.282878465246133,-3.1221304618324397,176.8778695378843,176.9059419410829,176.9059419410829,0.02807240319859261,173.0010270833099,162.19792569154743,10.803101391762482,172.2100120514338,125.02774599532509,172.2100120514338,43.049504367284655,43.049504367284655,43.049504367284655,167.80307541678286,179.05197947014247,224.1810592812514,110.98813504903717,2.019865088840391,0.0,0.0,0.0,65
-4.264163349152725,0.0,180.0,176.18592516570965,176.18592516570965,3.814074834290352,151.57014641678492,145.02712874971053,6.543017667074395,160.05413984165625,131.26795578335884,160.05413984165625,177.94910269433257,177.94910269433257,177.94910269433257,165.1334482245984,170.8551267113305,173.98198000676365,115.98809031115256,1.4999986595609536,0.0,0.0,0.0,66
-4.1573597752088265,1.0708244546869097,178.92917554521304,176.42366562500266,176.42366562500266,2.505509920210386,153.67001356839046,146.91852416841826,6.7514893999722005,170.22677351151358,160.38805282461325,170.22677351151358,175.0759071974738,175.0759071974738,175.0759071974738,166.73176284293123,171.27864425354153,201.80544078588,119.40249427828559,1.6901275135730465,0.0,0.0,0.0,67
-3.9234338460609828,0.0,180.0,176.4785466230778,176.4785466230778,3.52145337692221,157.64090054606802,146.4451391231041,11.195761422963926,163.03572096284555,143.91492695698713,163.03572096284555,170.51113353168267,170.51113353168267,170.51113353168267,164.50759049642835,176.91052930346947,266.53951878065675,118.94234415646,2.2409136178418874,0.0,0.0,0.0,68
-3.536961250688573,3.513750260297515,176.48624973939505,176.18592516570965,176.18592516570965,0.3003245736854012,167.26728823919944,146.37646757965797,20.890820659541475,163.57307457141894,164.4948043124557,163.57307457141894,166.13897243112334,166.13897243112334,166.13897243112334,166.16775895404405,171.7490934702918,301.0027420617804,117.08350518473547,2.5708381514641796,0.0,0.0,0.0,69
-4.311260617799742,3.366460663147556,176.63353933657018,177.0262689175199,177.0262689175199,0.39272958094971955,177.41139683763842,162.30593953514995,15.105457302488475,145.73266455474652,137.39953104894724,145.73266455474652,105.83238661925566,105.83238661925566,105.83238661925566,167.21106119678922,178.1200489525692,225.49391551541433,119.32704983345513,1.8897133199156373,0.0,0.0,0.0,70
-4.031801098073724,1.776044253221145,178.22395574664125,178.61964592655556,178.61964592655556,0.3956901799143111,173.88586509824134,179.33501577240153,5.449150674160194,140.7458260555261,133.54170161704042,140.7458260555261,159.42252778345264,159.42252778345264,159.42252778345264,171.88577785024464,177.03621686621005,186.24377787533734,129.79963689470583,1.4348559234574034,0.0,0.0,0.0,71
-5.031127046751705,2.366247991260451,177.6337520085442,178.69804732742114,178.69804732742114,1.0642953188769297,179.83664828365622,177.1930487207053,2.643599562950925,148.14033310897412,150.61236210470585,148.14033310897412,166.29303899406477,166.29303899406477,166.29303899406477,174.598394261924,175.59191767998024,183.06830433248754,121.10375307044345,1.5116649953109547,0.0,0.0,0.0,72
-5.751402090365988,1.9414863907499709,178.05851360908562,179.3489396197705,179.3489396197705,1.2904260106848824,174.12220501955798,167.3700173491813,6.752187670376685,88.5790636842239,138.1270646489755,88.5790636842239,161.07152103427362,161.07152103427362,161.07152103427362,178.60365748503378,178.19259959470688,183.61693612127104,118.69107541963024,1.5470155229163305,0.0,0.0,0.0,73
-4.71622123433828,4.049581702914202,175.95041829672863,180.0,180.0,4.049581703271372,150.86272623211528,175.18798649879767,24.325260266682392,121.8455222214948,144.27360701905837,121.8455222214948,179.14606107455916,179.14606107455916,179.14606107455916,173.3432056309573,179.9708463659827,186.13603205675432,129.6183074691721,1.4360319593485191,0.0,0.0,0.0,74
-3.324050767760478,5.6594818396559265,174.34051815983753,179.3489396197705,179.3489396197705,5.0084214599329755,123.98308331244449,150.00074661754448,26.017663305099987,137.17563163688013,135.43023269512653,137.17563163688013,176.80810422246688,176.80810422246688,176.80810422246688,168.22425844310794,177.82565906485885,197.5708664008005,198.8917277830886,0.9933588922629188,0.0,0.0,0.0,75
-4.0752558796333656,-0.4896955930873719,179.5103044068708,177.4266405368232,177.4266405368232,2.0836638700476158,122.17265314104988,151.46811956669234,29.29546642564246,139.54472447298227,133.16368353288507,139.54472447298227,166.62172897442355,166.62172897442355,166.62172897442355,164.29136217090675,175.73986836079962,188.963099112182,219.73200160080805,0.8599707722449809,0.0,0.0,0.0,76
-7.001267557495338,0.0,180.0,175.3466484127316,175.3466484127316,4.653351587268389,129.37225942706442,155.2719360538947,25.899676626830285,153.7842594700212,144.4260916469348,153.7842594700212,149.23553233182818,149.23553233182818,149.23553233182818,164.20631844602698,172.7324962953655,190.38650031577316,200.202943111141,0.9509675399755337,0.0,0.0,0.0,77
-7.858007753382141,2.622401460341188,177.37759853945892,173.418055344822,173.418055344822,3.9595431946369217,157.3620985370173,165.77403510586956,8.41193656885227,156.62241488921276,176.91503273402515,156.62241488921276,166.95151693091827,166.95151693091827,166.95151693091827,166.0935572416186,167.06849982894622,182.1192175578809,142.06205242449332,1.28196949457603,0.0,0.0,0.0,78
-8.880659150520245,6.441600098819916,173.55839990066497,174.72610404264825,174.72610404264825,1.167704141983279,154.78677205777817,164.85428784728737,10.067515789509201,166.56226791485082,167.76303225598403,166.56226791485082,162.66060609599188,162.66060609599188,162.66060609599188,171.14977590575793,174.31240009059195,181.2166918066492,137.77082939031845,1.315348775901543,0.0,0.0,0.0,79
-11.985414119079733,13.371331968835278,166.6286680301081,175.53284093861072,175.53284093861072,8.90417290850263,158.2297573934976,146.75006899200457,11.479688401493036,176.1205595931331,173.41411992448957,176.1205595931331,171.72828498101555,171.72828498101555,171.72828498101555,174.19314737251486,163.50059485756955,182.86109236972854,134.53227912230747,1.3592358172263734,0.0,0.0,0.0,80
-11.519367810986964,16.699244232416675,163.3007557660064,164.40718906073366,164.40718906073366,1.1064332947272533,114.67092331698711,110.11503988935782,4.555883427629297,175.93479366902608,168.147989765316,175.93479366902608,169.5614190428852,169.5614190428852,169.5614190428852,177.3627636216782,158.02328393598327,176.01171695369413,241.44593811333039,0.7289901761105109,0.0,0.0,0.0,81
-14.564487460383809,28.009176705486677,151.99082329198617,162.6459753637387,162.6459753637387,10.655152071752525,113.5537137787073,117.89633244576137,4.342618667054069,174.08359032295343,167.11751913141563,174.08359032295343,155.2010273294758,155.2010273294758,155.2010273294758,179.74101962103728,157.3730484441972,187.1243817526533,240.48540143045886,0.7781111894186348,0.0,0.0,0.0,82
-12.494333718418103,24.599790602544676,155.40020939484253,159.04422326936782,159.04422326936782,3.6440138745252852,106.6047635109131,109.85982487312866,3.2550613622155566,173.31852135308606,152.30931397107415,173.31852135308606,177.31065208198254,177.31065208198254,177.31065208198254,177.2380444730793,157.91665301261855,177.47474459775523,292.92064520874857,0.6058799456256143,0.0,0.0,0.0,83
-11.599595221116347,26.565051166660574,153.434948822922,163.73979529168807,163.73979529168807,10.304846468766073,93.20546111679248,96.34692762728051,3.14146651048803,80.17472295794258,173.09967183028246,80.17472295794258,108.68460205542443,108.68460205542443,108.68460205542443,179.3651931390331,161.47439337369755,245.12295057024693,393.59633614762464,0.6227775211608724,0.0,0.0,0.0,84
-9.157809484987308,0.0,0.0,131.63353933657018,131.63353933657018,131.63353933657018,86.9991181455593,91.97485902563274,4.975740880073445,151.65164574428283,168.6126109377767,151.65164574428283,172.37938589136652,172.37938589136652,172.37938589136652,178.21756121052303,157.91469483035146,269.5188949041637,420.2376808743184,0.6413487108938142,0.0,0.0,0.0,85
-5.683053711832364,-9.462322206305023,9.462322208025617,45.0,45.0,35.53767779197438,82.78712363950699,88.7692556317907,5.982131992283712,159.53834642374167,168.53909085393312,159.53834642374167,179.39569723335674,179.39569723335674,179.39569723335674,177.48271911695034,155.15846003210146,314.74052589102496,430.1804682456964,0.7316476435279374,0.0,0.0,0.0,86
-4.368277434588386,-2.683775159050258,2.6837751594689845,35.53767779197438,35.53767779197438,32.853902632505395,82.19452633020491,88.50738467620195,6.312858345997043,141.91122711881735,158.81067694627015,141.91122711881735,179.90337969906162,179.90337969906162,179.90337969906162,173.48019824815066,156.00146413081583,352.61813877951863,471.2553750440396,0.7482527679160865,0.0,0.0,0.0,87
-4.584064798701337,0.0,0.0,9.462322208025617,9.462322208025617,9.462322208025617,80.80898482510035,88.71210061304134,7.90311578794099,119.03710207952602,145.1663772921378,119.03710207952602,179.86325596480188,179.86325596480188,179.86325596480188,173.50081539361358,148.9205855770174,338.0666557934163,475.81367656825296,0.7105021827547603,0.0,0.0,0.0,88
-4.805601243468985,13.495733278195399,13.495733280795811,90.0,90.0,76.5042667192042,83.9387221221613,90.0,6.061277877838705,137.02136494017014,144.3083896384964,137.02136494017014,177.97863504055715,177.97863504055715,177.97863504055715,177.78534875421875,145.77130488405845,343.17974422370105,473.6725468294477,0.724508410955095,0.0,0.0,0.0,89
-5.205634810097907,20.556045213696912,20.556045219583467,113.96248897457819,113.96248897457819,93.40644375499473,86.04317900530458,90.8536152956218,4.810436290317213,144.4463652572313,132.94197435965032,144.4463652572313,161.3895370840383,161.3895370840383,161.3895370840383,175.75952441088558,147.49123143151223,347.8022344705157,463.89193757982866,0.7497483924328106,0.0,0.0,0.0,90
-4.218082125447311,19.65382405373236,160.3461759419467,137.72631099390625,137.72631099390625,22.61986494804046,95.41670211619956,94.92126902446113,0.495433091738434,138.06529782664828,123.99479114878906,138.06529782664828,174.74693850282992,174.74693850282992,174.74693850282992,171.13628816750403,147.70927044300205,328.65984760974453,445.17499922356785,0.7382711252329517,0.0,0.0,0.0,91
-5.006719374699302,7.125016348020325,172.8749836510982,159.27444113443946,159.27444113443946,13.600542516658749,99.97203862652297,98.64663262987537,1.3254059966476035,23.252141806116033,67.8515029894484,23.252141806116033,167.3291956004924,167.3291956004924,167.3291956004924,172.32251531928293,141.71585443440898,285.37800205094914,462.0885279226957,0.6175829625714385,0.0,0.0,0.0,92
-4.823658197595177,7.733598098079652,172.26640190097714,163.44292862436336,163.44292862436336,8.823473276613782,100.8108677941064,98.80741677547284,2.0034510186335552,6.925727497940433,53.8291141085811,6.925727497940433,94.76364168676105,94.76364168676105,94.76364168676105,168.4469468654656,145.9204751396574,337.5311508846518,431.9843101327822,0.7813504864866246,0.0,0.0,0.0,93
-4.024839343066251,-1.847610265796066,178.1523897340054,169.69515353123398,169.69515353123398,8.457236202771412,102.48797156773567,100.8143459756417,1.6736255920939698,166.34235749284954,44.24203732925262,166.34235749284954,150.8323866099992,150.8323866099992,150.8323866099992,167.25443753850834,145.96571140831097,329.74809896430537,430.09879564116346,0.7666798937789896,0.0,0.0,0.0,94
-3.4937215636350367,7.206057000563698,172.79394299861673,167.7352262721076,167.7352262721076,5.058716726509118,101.8845972731862,101.73220740021532,0.15238987297088613,109.78004454588333,44.43483184993137,109.78004454588333,175.23635823790153,175.23635823790153,175.23635823790153,168.30062265332367,139.37875460892718,350.0489827707627,422.5940174177286,0.8283339761917655,0.0,0.0,0.0,95
-2.6296908839540722,5.389311759467977,174.6106882400266,176.26860300083956,176.26860300083956,1.6579147608129574,105.3152308174867,102.34830279861043,2.96692801887626,30.796984035978124,48.22129461473795,30.796984035978124,138.22236595187383,138.22236595187383,138.22236595187383,168.9939802210711,141.6996322134041,315.06945189284016,401.4429434025945,0.784842421726214,0.0,0.0,0.0,96
-2.8743617742505996,0.0,180.0,174.5596679689945,174.5596679689945,5.440332031005511,104.4655924641698,100.84876382878838,3.616828635381424,26.32829310583953,45.59516476952389,26.32829310583953,136.90915242938934,136.90915242938934,136.90915242938934,171.00903190103972,144.05563909293468,370.54037630625066,416.3354626556172,0.8900043583456468,0.0,0.0,0.0,97
-3.7826454465963018,3.0940580586389093,176.9059419410829,177.83892051177364,177.83892051177364,0.9329785706907501,106.32451539674749,104.7110018709642,1.61351352578329,155.18580300906171,42.607614457411906,155.18580300906171,158.55226366596892,158.55226366596892,158.55226366596892,168.12483602020825,138.45331625051068,305.9822051663995,394.9546525786469,0.7747274355698907,0.0,0.0,0.0,98
-2.4792995614226614,1.0230301885765132,178.97696981133217,176.49646835521557,176.49646835521557,2.480501456116599,106.20343214829484,103.52437359538652,2.679058552908316,91.14069443360536,40.293904473202865,91.14069443360536,149.47029407860822,149.47029407860822,149.47029407860822,170.48526145196368,140.62589518414845,274.9477481717535,401.3687175731868,0.6850253548092433,0.0,0.0,0.0,99
-4.168032976747495,0.0,180.0,166.6075022462489,166.6075022462489,13.392497753751087,102.24911442645875,99.63471266125232,2.6144017652064235,148.98611593836947,23.36460529783854,148.98611593836947,40.23635834903639,40.23635834903639,40.23635834903639,170.05716098202683,147.14359667074905,407.9256285110134,471.33667828702215,0.8654654884590818,0.0,0.0,0.0,100
-3.698822650633421,2.1816414033438916,177.81835859644852,176.76029970389789,176.76029970389789,1.0580588925506333,105.53063286425981,104.87475338040122,0.6558794838585982,167.22484332595755,20.17081977275751,167.22484332595755,173.4000829774318,173.4000829774318,173.4000829774318,177.03611284338893,148.45584297889005,270.8282294935991,392.1720815009608,0.6905851850803656,0.0,0.0,0.0,101
-3.837262117327651,4.085616779559389,175.91438322002512,168.6900675259798,168.6900675259798,7.224315694045316,102.87575449497166,100.71444364274981,2.1613108522218454,173.55274984593447,28.418396852126346,173.55274984593447,178.4518422489541,178.4518422489541,178.4518422489541,170.08167823566748,142.49674854310638,380.4892256807373,439.83783686672314,0.8650670628579415,0.0,0.0,0.0,102
-3.7062892972123382,4.813550893202224,175.18644910629348,167.79953127261922,167.79953127261922,7.386917833674261,102.80741551861044,99.038059214968,3.7693563036424393,25.14007690501515,37.15740093655232,25.14007690501515,156.17181087419786,156.17181087419786,156.17181087419786,170.94741697358901,145.80665476597002,404.3904760880136,428.6305512727715,0.9434476261148111,0.0,0.0,0.0,103
-4.077553765742558,5.290081204397183,174.70991879462875,153.434948822922,153.434948822922,21.274969971706753,96.59294679095589,92.58598797599468,4.006958814961209,23.13362934070396,12.23611151017504,23.13362934070396,143.97262661417238,143.97262661417238,143.97262661417238,172.6589066872343,143.88799876959996,459.1718811329136,470.3489570530146,0.9762366307775111,0.0,0.0,0.0,104
-4.442342650071554,5.411869151750741,174.58813084768298,166.67546873810923,166.67546873810923,7.912662109573745,101.70224607907977,98.60662867031922,3.095617408760546,178.75463568549642,32.74569499918532,178.75463568549642,104.03624346213637,104.03624346213637,104.03624346213637,172.83684273483854,141.90485879852923,381.6452068794345,468.4689593997297,0.8146648763245851,0.0,0.0,0.0,105
-6.200970996129091,6.809050178606672,173.1909498203866,168.6900675259798,168.6900675259798,4.500882294406807,98.33411720910847,95.53681253287232,2.797304676236152,6.869456535063768,44.62828762997422,6.869456535063768,154.13011122457723,154.13011122457723,154.13011122457723,172.7976328996575,145.2417484903215,362.49018693998886,462.3122589722992,0.7840808455695043,0.0,0.0,0.0,106
-4.84011248884704,6.86999230739446,173.13000769178575,164.87599269168942,164.87599269168942,8.25401500009633,100.05755815886877,97.986906577436,2.07065158143277,11.371474641997228,50.02615443734046,11.371474641997228,171.97276248634455,171.97276248634455,171.97276248634455,172.97411119824363,144.75076574345533,421.9220959648033,475.37564606454924,0.887555135499383,0.0,0.0,0.0,107
-6.252487800285469,36.384351801434796,143.61564818416412,149.03624346792648,149.03624346792648,5.420595283762367,92.1702898642525,91.97109600345323,0.19919386079926937,12.765565784270075,46.15204504061998,12.765565784270075,156.9544018572762,156.9544018572762,156.9544018572762,175.61844720177743,143.5904784402151,389.83535504288324,501.9163716341763,0.7766938419758288,0.0,0.0,0.0,108
-3.6766018867889105,7.431407970107531,172.56859202882748,160.20112364547506,160.20112364547506,12.367468383352417,98.06516667053785,94.99476106777581,3.070405602762037,8.736972148390041,36.961460939199526,8.736972148390041,158.96248897300535,158.96248897300535,158.96248897300535,176.34268197342732,146.4445826484191,424.75856876776,491.8880231896222,0.8635269588488859,0.0,0.0,0.0,109
-6.621804122784841,36.027373360327054,143.9726266148964,119.74488129694222,119.74488129694222,24.227745317954174,91.29520427909864,90.79866927854972,0.4965350005489171,24.565895103753412,40.26078958191352,24.565895103753412,158.24391944215012,158.24391944215012,158.24391944215012,175.75651534061106,145.15029558064782,414.97344031582327,486.7127353608476,0.8526044423301087,0.0,0.0,0.0,110
-4.398705354995532,5.194428907063895,174.8055710922652,160.20112364547506,160.20112364547506,14.604447446790147,99.7090349964402,95.38837075436278,4.320664242077413,8.914926959506273,51.01758749114912,8.914926959506273,146.52372170001186,146.52372170001186,146.52372170001186,173.7807703110174,142.45563070391367,495.2324882292912,456.6345522994141,1.0845269717866712,0.0,0.0,0.0,111
-5.890626416204101,25.820991966942767,25.82099197418928,66.80140948635182,66.80140948635182,40.98041751216253,86.14815466033687,89.38284910003065,3.234694439693783,37.16954253624759,26.90731580097012,37.16954253624759,159.90476880681408,159.90476880681408,159.90476880681408,174.5932507934178,140.8148515700464,361.6568756135477,461.71286745761415,0.7832939064426558,0.0,0.0,0.0,112
-5.445816455178771,4.028263665919648,4.028263666485141,21.80140948635181,21.80140948635181,17.77314581986667,80.58366273842067,87.84940523104827,7.265742492627595,51.581944655314416,1.2574389852606342,51.581944655314416,167.47119228898413,167.47119228898413,167.47119228898413,176.41714455147033,146.96418845135452,428.6124337012669,433.99485991333756,0.9875979493788903,0.0,0.0,0.0,113
-6.377845045755358,16.18920625207817,16.189206257026942,40.60129464500447,40.60129464500447,24.41208838797753,86.19101332364657,88.52456359069492,2.333550267048352,47.8346887579259,28.95487029706712,47.8346887579259,165.79430555078827,165.79430555078827,165.79430555078827,176.46785812361875,142.50846885633675,371.8390472430895,466.7405882391284,0.796671762869305,0.0,0.0,0.0,114
-5.204886250110581,1.5911402709737092,1.5911402711945872,17.102728969052375,17.102728969052375,15.511588697857787,80.07555168051815,87.03729351109254,6.961741830574397,63.353612342116264,5.579442106098484,63.353612342116264,172.2633081740577,172.2633081740577,172.2633081740577,179.4522286334638,145.17551084301797,373.56377065533985,417.7607276409935,0.8942050938005432,0.0,0.0,0.0,115
-5.5971138255675985,1.414423211227606,1.414423211402155,20.556045219583467,20.556045219583467,19.14162200818131,78.44344283087271,86.24612348076232,7.802680649889609,70.74659571543695,3.1297025936417326,70.74659571543695,172.26640189826063,172.26640189826063,172.26640189826063,177.0528448847681,142.67945467340232,381.6052849941686,404.32744464317926,0.9438025789258478,0.0,0.0,0.0,116
-4.1849161251184155,0.5906572145857829,0.590657214646671,14.743562836470735,14.743562836470735,14.152905621824065,75.97374880854323,85.69593099616026,9.722182187617022,57.1123632112242,24.645111916186693,57.1123632112242,169.04989926151714,169.04989926151714,169.04989926151714,175.47081850819072,145.18256623414538,381.00305326747804,400.22169185707065,0.9519800175999059,0.0,0.0,0.0,117
-4.4868526385484175,1.5693548045341128,1.5693548047489854,38.15722658736906,38.15722658736906,36.58787178262008,80.56042695689429,87.04830752175668,6.487880564862394,58.871926512868306,24.66527343735584,58.871926512868306,164.68072031441372,164.68072031441372,164.68072031441372,176.77525077733492,144.4084829271801,386.1390595896644,445.1065539407848,0.8675204985464212,0.0,0.0,0.0,118
-3.4822646017714645,0.0,0.0,18.43494882292201,18.43494882292201,18.43494882292201,76.7818242335458,86.71405577740374,9.932231543857938,61.46566918686838,35.81317832989222,61.46566918686838,171.10599918215277,171.10599918215277,171.10599918215277,179.12217031121992,143.94074865960485,396.1271470418183,406.7179233268151,0.9739603895296588,0.0,0.0,0.0,119
-4.58797812407248,-2.290610042333441,2.2906100426385296,34.99202019855866,34.99202019855866,32.701410155920136,79.45709855254066,87.72550354323383,8.26840499069317,77.00538320811496,12.047030492005616,77.00538320811496,178.636072441121,178.636072441121,178.636072441121,177.4183999256816,143.24142821050177,364.75588884776994,409.9104155233987,0.8898429389092953,0.0,0.0,0.0,120
-2.9766994681117436,-0.6160599083329924,0.6160599083992302,25.016893478100023,25.016893478100023,24.400833569700794,77.11467144130057,86.65711847037728,9.542447029076712,64.13840872034518,18.18254614107468,64.13840872034518,173.7606648551385,173.7606648551385,173.7606648551385,177.38551336117575,146.28300415204842,394.125151076785,417.0406104267882,0.9450522112558711,0.0,0.0,0.0,121
-3.837262117327651,0.0,0.0,36.86989764584402,36.86989764584402,36.86989764584402,81.19862175554461,88.23932585073497,7.040704095190364,72.92897870872996,7.478689509540634,72.92897870872996,174.09385887919353,174.09385887919353,174.09385887919353,179.0449436818925,145.74115252540705,459.55170046853084,424.80992441489053,1.0817819312735546,0.0,0.0,0.0,122
-2.449039738358158,-0.658543177487915,0.658543177563603,14.036243467926479,14.036243467926479,13.377700290362876,76.99590707220143,86.32692682418148,9.331019751980051,66.82015197167705,37.874983651282804,66.82015197167705,173.19868517203994,173.19868517203994,173.19868517203994,178.8120561259884,144.00658972856618,389.36373328893205,386.63246205926754,1.007064257370027,0.0,0.0,0.0,123
-4.1849161251184155,-2.7263109935821945,2.7263109939062655,26.56505117707799,26.56505117707799,23.838740183171723,78.0157374939085,87.2452572796885,9.229519785779999,87.57344091315845,7.616273396162656,87.57344091315845,177.04789999929824,177.04789999929824,177.04789999929824,178.81839417937277,143.63842010799758,438.71043346266487,404.56023289304846,1.0844131424251982,0.0,0.0,0.0,124
-3.3461454133014343,-1.1934894238577494,1.193489423982035,19.44003482817619,19.44003482817619,18.246545404194155,75.23216184144212,85.98162706548636,10.749465224044243,77.48288186103497,27.545567810419218,77.48288186103497,175.85869901832618,175.85869901832618,175.85869901832618,174.4115087427024,145.56334751624752,380.97189753098047,376.6191437909963,1.0115574415205089,0.0,0.0,0.0,125
-4.504906863607022,-2.898576798915427,2.89857679928171,26.56505117707799,26.56505117707799,23.66647437779628,78.77255201339368,87.60833647572797,8.835784462334288,79.46421604577456,2.629081889613247,79.46421604577456,179.46851444994223,179.46851444994223,179.46851444994223,176.17205953698635,146.555581752216,399.65128819907557,405.7632720610406,0.9849370697333716,0.0,0.0,0.0,126
-2.698418979989866,-0.643745714103056,0.6437457141753808,22.619864948040426,22.619864948040426,21.976119233865045,76.8346191040193,87.17665197293859,10.34203286891929,67.60538534781637,17.55048572021587,67.60538534781637,175.286485832735,175.286485832735,175.286485832735,176.27042454897628,142.63882564498752,385.1991720003974,390.7590672374461,0.9857715515439903,0.0,0.0,0.0,127
-6.865826352367523,1.2453642664977014,1.2453642667683475,98.13010235415598,98.13010235415598,96.88473808738763,84.08669578693026,90.21502459515372,6.128328808223458,107.00904962427262,24.15268651838662,107.00904962427262,177.06432652973672,177.06432652973672,177.06432652973672,175.1741558778833,146.1299870642773,497.52817391113973,446.5011628084301,1.114281922068498,0.0,0.0,0.0,128
-4.215373454421979,5.290081204397183,5.290081205371269,66.80140948635182,66.80140948635182,61.51132828098055,83.31811070641403,89.36080367212152,6.042692965707488,83.82193509789037,0.24832535875845657,83.82193509789037,171.67434966230496,171.67434966230496,171.67434966230496,175.73182627809922,142.0733941142731,372.0664539262044,464.11670484482454,0.8016657233714236,0.0,0.0,0.0,129
-3.2771614750156055,-0.5906572145857829,0.590657214646671,14.931417178137554,14.931417178137554,14.340759963490884,75.03888105992488,86.3100726775578,11.271191617632923,70.8577318085757,17.468221224810197,70.8577318085757,177.46897347363873,177.46897347363873,177.46897347363873,175.62407173734292,145.5436063372392,405.18620312894234,375.7322059213035,1.0783909303825396,0.0,0.0,0.0,130
-3.9962065000696607,-0.8550973961391157,0.8550973962667232,45.0,45.0,44.14490260373328,81.36550654429496,88.66129189602286,7.2957853517279005,69.52099343037267,1.5637820920786987,69.52099343037267,174.52432565414713,174.52432565414713,174.52432565414713,176.14243503439684,144.64974515331,355.6310532965254,446.27931154882026,0.7968799899200631,0.0,0.0,0.0,131
-5.110417561031226,4.398705354321465,4.398705354995532,35.53767779197438,35.53767779197438,31.13897243697885,81.36551740575813,88.41334213055485,7.047824724796726,85.4254161696642,5.2854467520992285,85.4254161696642,174.5816512490036,174.5816512490036,174.5816512490036,174.94334109829285,145.9313483151357,357.9997077163869,432.9858648822496,0.8268161543921918,0.0,0.0,0.0,132
-7.677691613849953,38.65980823545732,141.34019174590992,143.13010235415598,143.13010235415598,1.7899106082460605,91.77419768605591,92.3936923541438,0.6194946680878815,81.28384337995404,47.168649683573946,81.28384337995404,152.02052560655918,152.02052560655918,152.02052560655918,175.16008353146603,142.7014681352535,419.06545099488926,484.6346534768483,0.8647038505806345,0.0,0.0,0.0,133
-3.6473856524568666,1.6602823687423198,1.6602823689828055,41.6335393365702,41.6335393365702,39.973256967587396,80.6287194420743,87.97082833053764,7.342108888463343,73.46608553095527,0.7416515280285887,73.46608553095527,171.44112525670553,171.44112525670553,171.44112525670553,174.70921792000942,145.4934582300529,446.3063231781373,423.7558512366153,1.0532157181197204,0.0,0.0,0.0,134
-5.84725544127322,2.202598161342646,2.2025981617658053,57.9946167919165,57.9946167919165,55.79201863015069,83.43400190515415,88.93836453866479,5.504362633510638,89.89855573717668,17.445665815095804,89.89855573717668,171.13537660326392,171.13537660326392,171.13537660326392,175.94440881997375,146.24072175608023,434.4927602234019,454.75807725531155,0.955437147672505,0.0,0.0,0.0,135
-3.791165687365224,8.53076560784682,171.46923439005187,142.43140797117252,142.43140797117252,29.037826418879348,94.76597930692536,92.59490419652741,2.1710751103979504,82.99170946655656,43.05851360933043,82.99170946655656,159.2277453098373,159.2277453098373,159.2277453098373,176.52878721043157,142.46055089889248,394.5705666464317,481.46546887738253,0.819519970057757,0.0,0.0,0.0,136
-4.193409002102474,2.4895529216388055,2.489552921999156,40.60129464500447,40.60129464500447,38.111741723005316,80.23397090943077,88.35621784003735,8.122246930606579,81.74846888510895,8.187802013254833,81.74846888510895,174.70612092738406,174.70612092738406,174.70612092738406,177.84133301925618,145.91980637607196,400.41422040177616,406.79020351386094,0.9843261143782417,0.0,0.0,0.0,137
-6.365244555643885,40.60129460456039,139.39870535499554,138.3664606634298,138.3664606634298,1.0322446915657508,90.81523107608048,91.75248768522246,0.9372566091419827,94.57392125987802,32.427270659800556,94.57392125987802,170.53767778020017,170.53767778020017,170.53767778020017,174.7943188990247,144.58472627586266,407.41325658498494,492.02468668794796,0.8280341771450471,0.0,0.0,0.0,138
-3.9213988876780954,9.462322206735173,9.462322208025617,54.46232220802562,54.46232220802562,45.0,80.70034008834583,87.87829877680957,7.177958688463747,89.00668629364004,0.5968094703263614,89.00668629364004,176.6768795442721,176.6768795442721,176.6768795442721,174.64955037635633,145.0731970597812,469.1172596499484,445.71173810648395,1.052512688205998,0.0,0.0,0.0,139
-3.634806894065537,10.154266578716237,10.154266580200265,53.13010235415598,53.13010235415598,42.975835773955716,81.60289017382263,88.81175135828876,7.20886118446613,97.39507199916493,8.878325596584626,97.39507199916493,177.89896688773854,177.89896688773854,177.89896688773854,178.12486265204424,146.15403798143583,526.0058009294431,458.95691510027336,1.1460897169466548,0.0,0.0,0.0,140
-5.397748776480397,18.434948815760038,18.43494882292201,135.0,135.0,116.56505117707799,87.32272926113792,91.86746773402506,4.544738472887133,87.50454987199628,30.629998485152697,87.50454987199628,174.1495038366642,174.1495038366642,174.1495038366642,174.39940489089582,145.96479055046572,472.7148821565124,513.8688262546858,0.9199135226642924,0.0,0.0,0.0,141
-3.498936218141033,13.671307128639544,13.671307132195833,97.1250163489018,97.1250163489018,83.45370921670596,85.75937815365134,90.37241415633787,4.613036002686528,88.93450887455897,15.623575229117707,88.93450887455897,179.6589574346684,179.6589574346684,179.6589574346684,175.66657225816758,145.85078128599008,509.10945308484247,500.451074685602,1.0173011485578423,0.0,0.0,0.0,142
-3.649724599382997,10.222168631995695,10.222168633636125,66.03751102542182,66.03751102542182,55.8153423917857,82.85721221497164,89.23043849736649,6.373226282394853,86.03534527715394,22.106648921689445,86.03534527715394,178.9949139374587,178.9949139374587,178.9949139374587,178.3504976213729,145.06581993923302,469.56609955368094,490.70374710369805,0.9569238105795034,0.0,0.0,0.0,143
-4.94486629209684,32.905242907615865,32.9052429229879,116.56505117707799,116.56505117707799,83.65980825409008,88.11656116109012,91.41772602158625,3.3011648604961294,81.15334831198743,30.975797676647357,81.15334831198743,179.71423759664754,179.71423759664754,179.71423759664754,176.3840797259386,145.72870034665996,498.8454411106146,517.364272959329,0.9642054296628785,0.0,0.0,0.0,144
-2.839725057276327,11.04094017769699,11.040940180323732,81.86989764584403,81.86989764584403,70.8289574655203,85.30146489794153,89.64232060669498,4.340855708753452,70.5599651718755,32.937988671359214,70.5599651718755,163.11320887144876,163.11320887144876,163.11320887144876,175.68955437437174,142.5775441911539,574.5521233686852,500.59481255496763,1.1477388677377063,0.0,0.0,0.0,145
-4.842008240610737,30.650667947745937,30.650667957052864,111.80140948635182,111.80140948635182,81.15074152929895,86.98079249806268,90.69831854119221,3.7175260431295243,71.93390303118161,22.68578600150802,71.93390303118161,167.23443420930695,167.23443420930695,167.23443420930695,175.52257212418647,143.61856112030765,635.2382618309167,512.868335105164,1.2385991068999702,0.0,0.0,0.0,146
-3.882383454147685,23.355564854546692,23.355564859286005,80.53767779197439,80.53767779197439,57.18211293268838,84.80091875127938,89.63398288218801,4.833064130908625,150.5868591493187,176.6906637224072,150.5868591493187,174.20516906349258,174.20516906349258,174.20516906349258,177.44812819763627,142.5296051457248,520.5891471162156,485.93378118918656,1.0713170544173871,0.0,0.0,0.0,147
-3.837262117327651,28.886581758553987,28.88658176691071,78.69006752597979,78.69006752597979,49.803485759069076,86.65801699338633,89.63225130122707,2.974234307840746,168.14505721650474,170.28035248321967,168.14505721650474,179.74535371043123,179.74535371043123,179.74535371043123,175.0691562167103,145.17798381974245,393.7517239523255,497.72241172513645,0.7911070803093772,0.0,0.0,0.0,148
-3.698822650633421,44.9999999840845,45.0,126.02737338510362,126.02737338510362,81.02737338510362,88.08798369636698,91.33470842372508,3.2467247273580995,169.4860563739219,170.0174969395952,169.4860563739219,178.78702196269742,178.78702196269742,178.78702196269742,174.79183402544174,146.0016877697168,482.6143396353766,539.7911399408619,0.8940760674199095,0.0,0.0,0.0,149
-3.4893249057963907,29.981639359310638,29.981639368849336,102.52880770915151,102.52880770915151,72.54716834030216,87.30011560303338,90.32738258588594,3.0272669828525665,166.81968120128525,177.48736678490096,166.81968120128525,168.30414811745266,168.30414811745266,168.30414811745266,178.92584318695964,143.45081120755043,454.7197745071414,552.1687875473905,0.8235158972289418,0.0,0.0,0.0,150
-3.0067122439459997,31.504266710969546,31.504266719204193,82.8749836510982,82.8749836510982,51.37071693189401,86.87688586565511,89.84107390951417,2.9641880438590533,166.52843657694635,173.47477980891492,166.52843657694635,158.9643747583756,158.9643747583756,158.9643747583756,178.34839434848905,146.7319757707343,498.27615248099687,569.3162014976333,0.8752186415237931,0.0,0.0,0.0,151
-2.086777275570763,27.897271023979222,27.89727103094763,51.34019174590991,51.34019174590991,23.442920714962284,86.3979949487924,88.6819770577651,2.283982108972694,166.0882193694979,173.7275400840142,166.0882193694979,171.51450375068566,171.51450375068566,171.51450375068566,178.1552975728429,148.23834643710387,497.5405212919236,541.4812608401841,0.9188508583117562,0.0,0.0,0.0,152
-2.560300893908658,29.197486038888336,29.197486046064476,56.309932474020215,56.309932474020215,27.11244642795574,86.26886409425117,88.98342778912313,2.7145636948719556,169.97522481291898,175.32737404902116,169.97522481291898,172.4468302242312,172.4468302242312,172.4468302242312,177.01530352657517,148.69067896475062,505.96954134513396,522.8227150608744,0.9677650315490676,0.0,0.0,0.0,153
-1.8550852534946625,32.19573392514519,32.19573393471325,71.56505117707799,71.56505117707799,39.36931724236474,86.98580094850557,89.47579564880247,2.4899947002969043,167.39212574649997,175.8581124240476,167.39212574649997,178.96852951221473,178.96852951221473,178.96852951221473,178.47764612295256,147.7267353428212,490.91974953879975,513.7510283861275,0.9555596434938449,0.0,0.0,0.0,154
-1.8550852534946625,33.17851164929919,33.17851165939275,48.366460663429805,48.366460663429805,15.187949004037058,87.00176665977202,88.57393523849768,1.572168578725666,171.64596218254087,176.38127213821312,171.64596218254087,176.7776340437526,176.7776340437526,176.7776340437526,177.017762380215,143.29079266777717,431.6284470548141,497.3734570033942,0.8678156040867907,0.0,0.0,0.0,155
-1.1480583421607775,36.25383771922937,36.25383773744479,84.28940686250037,84.28940686250037,48.03556912505558,88.36444558011479,89.83105499840715,1.4666094182923644,166.8951150782977,168.79065387083708,166.8951150782977,177.66009230764863,177.66009230764863,177.66009230764863,179.1427012094485,146.20353008947748,501.26620034578224,525.657646660158,0.9535982278981646,0.0,0.0,0.0,156
-1.6266235216207656,35.21759295231398,35.21759296819271,66.80140948635182,66.80140948635182,31.583816518159104,88.16403970297391,89.49779360711193,1.333753904138021,158.88284710969634,169.52335389812234,158.88284710969634,179.68626112093966,179.68626112093966,179.68626112093966,177.37804421802417,142.38661730194883,465.1385059299955,530.7544237283108,0.8763723581498262,0.0,0.0,0.0,157
-1.8588454667486398,60.25511864135463,60.25511870305778,108.43494882292202,108.43494882292202,48.17983011986424,89.55651912126994,90.34559118761717,0.7890720663472308,157.12822065549508,169.29254460606782,157.12822065549508,177.16248918374058,177.16248918374058,177.16248918374058,179.2139857854615,141.1621364457708,411.22514760975696,516.8349779554915,0.7956604431622157,0.0,0.0,0.0,158
-2.171853016645352,44.99999997135211,45.0,71.56505117707799,71.56505117707799,26.56505117707799,88.9480577426238,89.50640527177048,0.5583475291466726,161.8347591579781,168.97352908584332,161.8347591579781,165.25861331039883,165.25861331039883,165.25861331039883,178.8247437971995,144.61638961488688,436.1327065823982,544.7889706302724,0.8005534804969086,0.0,0.0,0.0,159
-1.7115160337891138,38.65980823545732,38.65980825409009,75.96375653207353,75.96375653207353,37.303948277983444,88.41295444095849,89.67085426203485,1.2578998210763643,158.78622781863785,163.48044482917348,158.78622781863785,166.09395919179164,166.09395919179164,166.09395919179164,178.70727100292575,139.51450453969997,427.23650601637,541.7346412264038,0.7886453505009129,0.0,0.0,0.0,160
-2.7263109939062655,66.03751097226079,66.03751102542182,102.52880770915151,102.52880770915151,36.491296683729686,89.54158829890298,90.35760547474153,0.816017175838553,156.06858993338633,165.4912410253872,156.06858993338633,175.18888505467572,175.18888505467572,175.18888505467572,178.25961334434413,140.47203970871735,384.974338800734,500.03674481613325,0.7698920984988666,0.0,0.0,0.0,161
-3.103359321743372,69.44395471762665,69.44395478041653,135.0,135.0,65.55604521958347,89.66571093606481,91.02789576728664,1.3621848312218248,160.78946132912486,165.66844151764548,160.78946132912486,178.2922739289016,178.2922739289016,178.2922739289016,177.92075661351967,137.80027916801887,419.1878769147153,514.2528879342524,0.8151395679865533,0.0,0.0,0.0,162
-3.1158482597893884,29.744881261683286,150.25511870305778,153.434948822922,153.434948822922,3.1798301198642207,90.85836574717528,92.24110991854283,1.3827441713675483,160.30146845158706,165.2241449433967,160.30146845158706,173.39726110911514,173.39726110911514,173.39726110911514,177.04922089058044,136.20908549429876,371.61167281728876,467.28350551379333,0.7952595553329816,0.0,0.0,0.0,163
-3.6473856524568666,4.763641686774744,175.2363583092738,157.38013505195957,157.38013505195957,17.85622325731424,91.3944717518619,92.12107536596892,0.7266036141070202,152.03433648724484,162.70132094817998,152.03433648724484,161.44172211770768,161.44172211770768,161.44172211770768,178.71364427744095,136.36113579593564,390.22926987299866,493.1033199903801,0.7913742496657655,0.0,0.0,0.0,164
-3.6913859864512757,-6.340191742416264,173.6598082540901,161.565051177078,161.565051177078,12.094757077012105,92.12817217898312,93.21363980620764,1.0854676272245172,156.06336113580528,158.49704886116078,156.06336113580528,179.6039525133472,179.6039525133472,179.6039525133472,177.24514514476041,138.9055977981843,406.62671045388413,484.72111639062365,0.838887964018068,0.0,0.0,0.0,165
-4.036358348626346,-5.527540149884138,174.47245984834385,172.8749836510982,172.8749836510982,1.5974761972456406,93.75319136678426,94.28967643364638,0.5364850668621131,157.88945067995562,157.77321561426726,157.88945067995562,156.17016746531746,156.17016746531746,156.17016746531746,177.90474743476037,138.02371570546163,421.1099233489152,473.5904834572835,0.8891857798025332,0.0,0.0,0.0,166
-4.532261708701458,-3.2704879222511685,176.72951207681643,175.6012946450045,175.6012946450045,1.1282174318119473,94.35351491196725,94.76226194927652,0.40874703730926853,155.7845258739085,150.85840777092676,155.7845258739085,178.05269362322878,178.05269362322878,178.05269362322878,177.87890360269802,134.6816933885314,401.37078090471556,461.07619685785824,0.8705085702347504,0.0,0.0,0.0,167
-4.320301570024649,15.592810935816527,164.40718906073366,174.47245984834385,174.47245984834385,10.065270787610189,95.2197012062219,95.6840966431933,0.46439543697140095,128.40529317108644,149.5971391128192,128.40529317108644,166.40080267395854,166.40080267395854,166.40080267395854,177.2072976338032,139.14350182579508,404.5729426607887,472.80957410584045,0.8556784058726918,0.0,0.0,0.0,168
-3.767123919221955,17.47477425321658,162.52522574374433,172.50414236027015,172.50414236027015,9.978916616525822,96.91098344126014,97.54192083315489,0.6309373918947472,136.87705902122488,148.05183781465945,136.87705902122488,176.8541654065578,176.8541654065578,176.8541654065578,178.2232490142741,134.0344322125828,372.2686865216018,449.0984111061783,0.8289245236837384,0.0,0.0,0.0,169
-4.425474912078862,13.392497751701894,166.6075022462489,174.68545433005525,174.68545433005525,8.077952083806338,98.38091580226548,99.32208384770274,0.9411680454372657,121.7993653832109,145.45631328801446,121.7993653832109,161.27005262995434,161.27005262995434,161.27005262995434,179.36020519124057,134.9999999999822,346.9865971355915,432.49678016620044,0.8022871222167901,0.0,0.0,0.0,170
-4.077323860722744,11.888658038108195,168.11134196037204,174.17365797044425,174.17365797044425,6.062316010072209,99.72603845755106,100.18717598843854,0.4611375308874841,118.41374496914545,142.25354395162896,118.41374496914545,172.0905172056502,172.0905172056502,172.0905172056502,179.81331416875608,132.60529716789415,343.27523214807,450.15542484752547,0.7625704660933874,0.0,0.0,0.0,171
-3.80640779572872,10.420712395622965,169.5792876032055,173.15722658736905,173.15722658736905,3.577938984163552,102.66451487343461,102.07914761277836,0.5853672606562554,79.71922233031628,140.46757357390788,79.71922233031628,179.8688884620161,179.8688884620161,179.8688884620161,179.68804783623992,134.8617283657632,309.9427475749009,397.14424102386585,0.7804286592902427,0.0,0.0,0.0,172
-3.5477970696678907,6.404352725736067,173.59564727361587,174.98688624496418,174.98688624496418,1.391238971348315,104.21970560020344,103.72434334044647,0.49536225975697334,95.20423143619311,140.54846629367532,95.20423143619311,128.7642037274293,128.7642037274293,128.7642037274293,178.94835438378433,140.1508200303019,317.9925636579027,399.1081575404423,0.7967578653606257,0.0,0.0,0.0,173
-4.4247844517439665,13.897176313638196,166.10282368498466,173.8844964337146,173.8844964337146,7.781672748729932,102.75962959475456,102.81669673359474,0.057067138840182,120.70048642316208,140.67244562533014,120.70048642316208,179.1830032269697,179.1830032269697,179.1830032269697,179.29036715589888,139.87763852678947,314.61839748911757,439.8448167638787,0.7152940889396925,0.0,0.0,0.0,174
-4.283386555197198,8.945381832724077,171.05461816646107,175.7321066997092,175.7321066997092,4.677488533248123,107.76660797477999,108.84073126443383,1.0741232896538406,151.0049913423777,139.97371228475646,151.0049913423777,151.97191690962092,151.97191690962092,151.97191690962092,178.9177999358652,145.44860700196136,261.2870806137682,354.3435220644076,0.7373835398037875,0.0,0.0,0.0,175
-3.7440786677256175,7.125016348272174,172.8749836510982,179.1574757392596,179.1574757392596,6.282492088161405,108.38279002250985,108.94791931003229,0.5651292875224385,154.47280231589946,143.92309952708146,154.47280231589946,140.1500823366366,140.1500823366366,140.1500823366366,177.5276665247399,153.7603435641233,270.14033286059504,355.4209928610528,0.7600573356076418,0.0,0.0,0.0,176
-2.7663419741769157,7.070344819615054,172.92965517984243,178.49256424122504,178.49256424122504,5.562909061382612,124.22439604256807,125.29730299820382,1.0729069556357445,162.21327863825928,146.4983358926847,162.21327863825928,154.25194555896286,154.25194555896286,154.25194555896286,177.5371833236216,159.01005800644424,191.29392579788598,229.9170353021466,0.8320128412328213,0.0,0.0,0.0,177
-2.7870465955808132,6.2939481884920045,173.70605181104892,176.98721249581666,176.98721249581666,3.281160684767741,140.50962448566446,146.49234910538044,5.982724619715981,153.88793218872212,151.87825068246985,153.88793218872212,141.61673789740277,141.61673789740277,141.61673789740277,175.24588796864595,166.4718384403049,168.85366126422753,176.86434141214366,0.9547072061360516,0.0,0.0,0.0,178
-0.7848246029918882,4.934164340206842,175.06583565943995,176.42366562500266,176.42366562500266,1.3578299655627006,153.05157579603744,164.9759877089027,11.924411912865253,153.70810899159395,155.3240056813545,153.70810899159395,136.62114591336461,136.62114591336461,136.62114591336461,177.82162889918803,173.76266944077943,157.72677914047995,156.3929492009811,1.0085287088467105,0.0,0.0,0.0,179
0.4648642782614584,1.2188752350448786,178.7811247648687,175.96228937902288,175.96228937902288,2.81883538584583,171.59501391389395,176.83466704631064,5.2396531324166915,155.4622715232779,156.73681449725575,155.4622715232779,148.67130713178935,148.67130713178935,148.67130713178935,175.83872714827305,178.6804507435278,147.66512947918804,142.5624044506598,1.035792921968683,0.0,0.0,0.0,180
1.9091524329963763,-0.7638984608790745,179.23610153907003,176.09950625761812,176.09950625761812,3.1365952814519176,173.54046936251925,170.381930663535,3.1585386989842448,159.03983883551297,173.38563954791496,159.03983883551297,151.1401709047304,151.1401709047304,151.1401709047304,174.0100661938365,177.16021509900864,151.08650316947862,150.97159723283153,1.0007611095646174,0.0,0.0,0.0,181
2.8446556047733953,-2.9737310822873555,177.0262689175199,175.5526151499095,175.5526151499095,1.4736537676103865,169.9636663748129,165.03368749428833,4.929978880524573,163.25495188645425,176.5289476044867,163.25495188645425,157.14518003761432,157.14518003761432,157.14518003761432,174.2423639701929,176.6910839093628,158.28215799940878,156.5976957558142,1.0107566220904913,0.0,0.0,0.0,182
3.9741632120876855,-4.455602833038156,175.5443971666737,175.6012946450045,175.6012946450045,0.0568974783307965,172.00565736578818,172.7570395372688,0.7513821714806284,165.28492834917307,179.50928234372378,165.28492834917307,153.43494882249814,153.43494882249814,153.43494882249814,176.04568660554912,176.74548323705585,165.0723581827644,155.9735906371491,1.0583353085471947,0.0,0.0,0.0,183
4.155213805584725,-4.587978123790481,175.4120218759275,175.74115387782965,175.74115387782965,0.3291320019021384,172.6031090907644,172.05933053760376,0.5437785531606494,164.49761984401644,176.80001952621842,164.49761984401644,167.13082532656796,167.13082532656796,167.13082532656796,177.6902666981516,177.10935214964167,178.7648428667405,163.87590074991851,1.090854982567782,0.0,0.0,0.0,184
4.181926832090759,-5.257809168633946,174.7421908310453,176.22771639062017,176.22771639062017,1.4855255595748815,174.51628833623548,171.72685121132736,2.789437124908119,170.6658560554774,173.7119210771466,170.6658560554774,169.6803198851368,169.6803198851368,169.6803198851368,177.46375126105747,176.4423799637955,187.10367105754162,164.4350047774965,1.1378579110897975,0.0,0.0,0.0,185
4.042019330229755,-2.4292733233529153,177.57072667650004,175.0302592718897,175.0302592718897,2.5404674046103537,176.0165983452809,172.30566239116976,3.710935954111136,168.45933614774987,170.91567820736148,168.45933614774987,170.24699573853732,170.24699573853732,170.24699573853732,179.21694951836616,177.07149044766768,194.6042362026905,165.54762941404718,1.17551810847267,0.0,0.0,0.0,186
3.1312214226920303,-3.1603616258521807,176.83963837395433,176.34777721969368,176.34777721969368,0.491861154260647,173.27606601106496,171.38416391924767,1.8919020918172862,171.4195366276703,169.16425710512615,171.4195366276703,170.6521246330523,170.6521246330523,170.6521246330523,177.17739570982724,176.5524604571536,206.2222249660885,164.37547916912013,1.254580220820941,0.0,0.0,0.0,187
2.8624052261117474,-3.837262117094371,176.16273788267236,178.19126067750796,178.19126067750796,2.0285227948355953,172.05328494455352,168.48761708943155,3.5656678551219727,173.57479253326738,167.96628966371816,173.57479253326738,173.01123970526572,173.01123970526572,173.01123970526572,175.49642412799335,176.32212207368798,206.99684214966678,165.9551081477661,1.2473062411124105,0.0,0.0,0.0,188
1.8595993387455583,-3.532294583673396,176.4677054161091,178.76802259736027,178.76802259736027,2.3003171812511596,174.09717556358387,170.84165146652904,3.255524097054831,166.56309533670944,166.13148248558576,166.56309533670944,171.75680725230913,171.75680725230913,171.75680725230913,175.61030388722133,177.16182733226591,205.9416967215113,163.17026010091163,1.262127648638463,0.0,0.0,0.0,189
2.4575381481771092,-3.9085442942174398,176.09145570554054,178.1118119932591,178.1118119932591,2.020356287718556,171.8049910651225,169.73164404711346,2.0733470180090308,174.93638314638756,163.0987633748178,174.93638314638756,171.0273733838865,171.0273733838865,171.0273733838865,174.6020231824707,177.49453278934843,210.90530590797346,163.03250296122414,1.2936396243956276,0.0,0.0,0.0,190
0.7206636225176557,-2.1210963965306413,177.87890360333856,179.3904934233248,179.3904934233248,1.5115898199862556,176.8184308958899,177.52023579245474,0.7018048965648518,174.39260279110414,166.3796192097863,174.39260279110414,168.0061156691932,168.0061156691932,168.0061156691932,174.922012299138,177.14576321631017,209.93806616014265,162.3609830013108,1.2930327364765795,0.0,0.0,0.0,191
2.266774542094462,-1.735704588823259,178.26429541107163,179.3772443127937,179.3772443127937,1.1129489017220635,169.33446849659651,164.35406271211394,4.980405784482571,178.9166234656909,169.79015456002807,178.9166234656909,165.62370161287896,165.62370161287896,165.62370161287896,167.76021397187873,175.91135768410368,207.1411825490156,167.9750303790033,1.2331665133163527,0.0,0.0,0.0,192
1.2939351653529159,-1.0291548042443683,178.97084519569404,177.56335175318986,177.56335175318986,1.407493442504176,178.45993063002115,174.30266776580228,4.157262864218865,177.50158675270376,170.4919143992753,177.50158675270376,166.10282368421218,166.10282368421218,166.10282368421218,162.58764144615338,175.66846744414462,209.34059375772938,167.0872807653599,1.2528816842688153,0.0,0.0,0.0,193
1.0630986355478362,-0.3410422788385535,179.65895772114115,177.4831243430605,177.4831243430605,2.175833378080654,172.77604284537904,163.40578860829737,9.370254237081667,178.3182236531189,171.96554994316097,178.3182236531189,172.28099630327,172.28099630327,172.28099630327,154.31266574165116,176.47542719607983,201.1387334044726,169.3471715836435,1.187730102083514,0.0,0.0,0.0,194
0.0,-0.6902771978234996,179.30972280213493,176.18592516570965,176.18592516570965,3.12379763642528,167.7791530310671,156.18166972419567,11.597483306871425,177.15211305084557,174.8836003152774,177.15211305084557,166.18680466784429,166.18680466784429,166.18680466784429,148.32765591611462,175.81005735131862,188.28414781440546,169.86073227322265,1.1084618868854512,0.0,0.0,0.0,195
-0.454718861693143,0.6861441977941536,179.31385580216477,177.4266405368232,177.4266405368232,1.887215265341581,152.14747771580812,139.9101046010107,12.237373114797435,179.44782819162995,172.57259264786555,179.44782819162995,169.14049676375706,169.14049676375706,169.14049676375706,144.43785010744776,176.96345380620645,178.32966471427687,188.8919088868089,0.9440831306951207,0.0,0.0,0.0,196
-1.3693594409071872,1.3971810272112162,178.60281897270363,176.09950625761812,176.09950625761812,2.5033127150855137,146.9134685925756,133.10557619369916,13.807892398876447,179.52972486650756,175.3793440465069,179.52972486650756,174.90054878646524,174.90054878646524,174.90054878646524,138.9946926695902,176.34053289947173,142.351745354188,195.78064579297728,0.7270981499235776,0.0,0.0,0.0,197
-1.0011835546735735,1.3887165894671925,178.6112834104487,176.67259575827342,176.67259575827342,1.9386876521752754,143.14636235947313,127.30247494850055,15.843887410972584,178.31961087764685,176.56621856455695,178.31961087764685,172.11530512643955,172.11530512643955,172.11530512643955,147.88599219456432,178.10372536497192,141.44264036312813,206.2449112651102,0.685799419188858,0.0,0.0,0.0,198
0.2203672961231626,0.35367315922463005,179.64632684075355,176.67259575827342,176.67259575827342,2.9737310824801284,140.5137915133806,125.53401089711843,14.979780616262161,177.73109725516815,176.44594477115658,177.73109725516815,168.0729130919033,168.0729130919033,168.0729130919033,157.96561319268983,173.25504098943833,129.15038591332834,209.9073926911952,0.6152731652342274,0.0,0.0,0.0,199
-0.22381050036853808,1.7569883098004777,178.2430116900918,176.63353933657018,176.63353933657018,1.6094723535216247,141.03717148321348,124.15679253903855,16.880378944174936,173.2527525469971,175.61185807312646,173.2527525469971,168.52867139007955,168.52867139007955,168.52867139007955,165.396536341685,171.910727426879,287.79691756422915,209.69134128179206,1.3724787861590848,0.0,0.0,0.0,200
0.0,0.34724289706472,179.65275710291422,176.5526131481348,176.5526131481348,3.100143954779412,143.12641631618197,124.16106531196732,18.965351004214654,174.83933071884917,175.74052245283417,174.83933071884917,173.93821120983256,173.93821120983256,173.93821120983256,162.50237253012486,174.61193507720924,306.1532943562311,206.2623766063674,1.4842905399352266,0.0,0.0,0.0,201
-0.34240098075245734,-1.3639275315217632,178.6360724683971,177.30571571014391,177.30571571014391,1.3303567582531741,146.3970760640823,125.06555326067644,21.331522803405875,179.65509728849605,174.58575792279348,179.65509728849605,171.81070781091253,171.81070781091253,171.81070781091253,157.18461179081814,175.98827213263675,362.82417080928684,201.74623972677827,1.798418504764548,0.0,0.0,0.0,202
-0.44242965803947215,-1.6651060580069232,178.33489394189633,177.9545915111128,177.9545915111128,0.3803024307835301,146.09469945449186,123.7697224546535,22.324976999838356,179.83973249025036,175.33539359566748,179.83973249025036,167.1216109130389,167.1216109130389,167.1216109130389,163.43441382598454,175.1010115712929,446.7041059244807,207.29904056060312,2.1548778262306505,0.0,0.0,0.0,203
-1.4688007143858246,-2.0213649402372105,177.978635059644,176.5526131481348,176.5526131481348,1.4260219115091957,141.82141259754252,119.01486020910924,22.806552388433275,177.81742653419488,175.29925156517683,177.81742653419488,171.21470128116377,171.21470128116377,171.21470128116377,171.15016264023595,170.28405300982737,606.7840899315065,216.3440054396017,2.804718756456876,0.0,0.0,0.0,204
-1.132180275131298,-2.0213649402372105,177.978635059644,177.27368900609375,177.27368900609375,0.704946053550259,145.33591037443375,121.45231291369805,23.8835974607357,176.22488088598956,176.24777494892064,176.22488088598956,169.74447202873972,169.74447202873972,169.74447202873972,179.4226411932761,174.09320341453082,666.6891982728667,206.77382970799394,3.2242436055961385,0.0,0.0,0.0,205
0.2233742270150623,-2.910837826003582,177.08916217383225,178.61964592655556,178.61964592655556,1.5304837527233133,151.20925980400938,123.32030122436333,27.888958579646044,177.93411410587487,177.64007927975297,177.93411410587487,173.6056022334037,173.6056022334037,173.6056022334037,170.25777120302902,172.3807068220899,735.0329934753133,202.16656917948177,3.6357791321392976,0.0,0.0,0.0,206
0.5487933653461707,-3.8785245026292485,176.1214754971523,180.0,180.0,3.8785245028477107,150.13765804685832,122.1082757556878,28.02938229117052,173.41849020396558,178.20119667311698,173.41849020396558,175.88407333906554,175.88407333906554,175.88407333906554,175.37028957947075,163.1425405226744,688.7030449499799,204.4519361949179,3.368532759991606,0.0,0.0,0.0,207
1.4050864376559633,-4.248454529119416,175.75154547063872,179.2838400545296,179.2838400545296,3.532294583890888,158.78298398208395,125.4397746846946,33.34320929738935,170.57665539032652,175.8742466668739,170.57665539032652,176.3170100907532,176.3170100907532,176.3170100907532,174.36379884211973,159.947541957779,762.5126646538807,188.1742492186671,4.052162651263109,0.0,0.0,0.0,208
1.8098592337429358,-6.126933005150562,173.87306699450593,179.30130561701654,179.30130561701654,5.428238622510605,158.87414185174515,127.72116108622512,31.152980765520027,162.62994303279788,176.5192766845945,162.62994303279788,177.62230233568735,177.62230233568735,177.62230233568735,170.1509058012591,151.26004682096536,691.1438883721792,190.70198700205373,3.6242091611163647,0.0,0.0,0.0,209
2.1747441146100535,-4.844000374808309,175.15599962491933,178.66778014613035,178.66778014613035,3.5117805212110227,149.65670897857441,121.62369042358739,28.033018554987024,162.42874122156485,177.63859216661947,162.42874122156485,178.49256423560993,178.49256423560993,178.49256423560993,171.18825815117353,145.75083854212025,724.6016837117735,205.64293757746867,3.523591387151672,0.0,0.0,0.0,210
1.7295424272492999,-4.472130064035581,175.5278699357156,179.3634064240365,179.3634064240365,3.835536488320912,160.55160926168685,127.36798154800135,33.183627713685496,164.84396863190744,175.54100447444452,164.84396863190744,177.95256204484247,177.95256204484247,177.95256204484247,172.82391241381185,140.8217932187443,704.5201504059416,190.34699055965189,3.7012413398158936,0.0,0.0,0.0,211
2.157382509297893,-6.617987287624631,173.382012712013,179.35625428582463,179.35625428582463,5.974241573811639,142.4538932181464,119.07743531572864,23.376457902417755,162.5231926785852,177.49781909675772,162.5231926785852,177.64633715671562,177.64633715671562,177.64633715671562,171.27251302336404,134.28178513597015,731.1975856061182,229.25039972677718,3.1895149864326138,0.0,0.0,0.0,212
1.931671828613407,-6.271077449159326,173.72892255049888,178.172031755695,178.172031755695,4.443109205196123,143.32624035588816,120.75114502633053,22.575095329557627,165.17952568270914,172.930809335871,165.17952568270914,178.8982938780541,178.8982938780541,178.8982938780541,168.89616656328997,127.90744187508083,766.754738772669,227.7983981689292,3.365935603157336,0.0,0.0,0.0,213
